
insert into categorias (idCategoria,nomCategoria) values (1,'Carnes y Embutidos');
insert into categorias (idCategoria,nomCategoria) values (2,'Frutas y Verduras');
insert into categorias (idCategoria,nomCategoria) values (3,'Panadería y Dulces');
insert into categorias (idCategoria,nomCategoria) values (4,'Huevos, Lácteos y Café');
insert into categorias (idCategoria,nomCategoria) values (5,'Aceite, Pasta y Legumbres');
insert into categorias (idCategoria,nomCategoria) values (6,'Conservas y Comida Preparada');
insert into categorias (idCategoria,nomCategoria) values (7,'Zumos y Bebidas');
insert into categorias (idCategoria,nomCategoria) values (8,'Aperitivos');
insert into categorias (idCategoria,nomCategoria) values (9,'Algas, Tofu y Preparados');
insert into categorias (idCategoria,nomCategoria) values (10,'Infantil');
insert into categorias (idCategoria,nomCategoria) values (11,'Cosmética y Cuidado Personal');
insert into categorias (idCategoria,nomCategoria) values (12,'Hogar y Limpieza');

insert into marcas (idMarca,nomMarca) values (1,'Receta el Abuelo');
insert into marcas (idMarca,nomMarca) values (2,'PF');
insert into marcas (idMarca,nomMarca) values (3,'Aconcagua');
insert into marcas (idMarca,nomMarca) values (4,'Lider');
insert into marcas (idMarca,nomMarca) values (5,'Fuchs');
insert into marcas (idMarca,nomMarca) values (6,'Castaño');
insert into marcas (idMarca,nomMarca) values (7,'Lonco Leche');
insert into marcas (idMarca,nomMarca) values (8,'Surlat');
insert into marcas (idMarca,nomMarca) values (9,'Natura');
insert into marcas (idMarca,nomMarca) values (10,'Miraflores');
insert into marcas (idMarca,nomMarca) values (11,'Esmeralda');
insert into marcas (idMarca,nomMarca) values (12,'Angelmo');
insert into marcas (idMarca,nomMarca) values (13,'CocaCola');
insert into marcas (idMarca,nomMarca) values (14,'Pepsi');
insert into marcas (idMarca,nomMarca) values (15,'Kryzpo');
insert into marcas (idMarca,nomMarca) values (16,'Evercrisp');
insert into marcas (idMarca,nomMarca) values (17,'Krea');
insert into marcas (idMarca,nomMarca) values (18,'Vanity');
insert into marcas (idMarca,nomMarca) values (19,'Pantene');
insert into marcas (idMarca,nomMarca) values (20,'Ballerina');
insert into marcas (idMarca,nomMarca) values (21,'Vanish');
insert into marcas (idMarca,nomMarca) values (22,'Ace');

insert into regiones (idRegion,nomRegion) values (1,'Tarapacá');
insert into regiones (idRegion,nomRegion) values (2,'Antofagasta');
insert into regiones (idRegion,nomRegion) values (3,'Atacama');
insert into regiones (idRegion,nomRegion) values (4,'Coquimbo');
insert into regiones (idRegion,nomRegion) values (5,'Valparaíso');
insert into regiones (idRegion,nomRegion) values (6,'Libertador General Bernardo OHiggins');
insert into regiones (idRegion,nomRegion) values (7,'Maule');
insert into regiones (idRegion,nomRegion) values (8,'Biobío');
insert into regiones (idRegion,nomRegion) values (9,'La Araucanía');
insert into regiones (idRegion,nomRegion) values (10,'Los Lagos');
insert into regiones (idRegion,nomRegion) values (11,'Aysén del General Carlos Ibáñez del Campo');
insert into regiones (idRegion,nomRegion) values (12,'Magallanes y de la Antártica Chilena');
insert into regiones (idRegion,nomRegion) values (13,'Metropolitana de Santiago');
insert into regiones (idRegion,nomRegion) values (14,'Los Ríos');
insert into regiones (idRegion,nomRegion) values (15,'Arica y Parinacota');
insert into regiones (idRegion,nomRegion) values (16,'Ñuble');

insert into comunas (idComuna,nomComuna,idRegion) values (1,'Iquique',1);
insert into comunas (idComuna,nomComuna,idRegion) values (2,'Alto Hospicio',1);
insert into comunas (idComuna,nomComuna,idRegion) values (3,'Pozo Almonte',1);
insert into comunas (idComuna,nomComuna,idRegion) values (4,'Camiña',1);
insert into comunas (idComuna,nomComuna,idRegion) values (5,'Colchane',1);
insert into comunas (idComuna,nomComuna,idRegion) values (6,'Huara',1);
insert into comunas (idComuna,nomComuna,idRegion) values (7,'Pica',1);
insert into comunas (idComuna,nomComuna,idRegion) values (8,'Antofagasta',2);
insert into comunas (idComuna,nomComuna,idRegion) values (9,'Mejillones',2);
insert into comunas (idComuna,nomComuna,idRegion) values (10,'Sierra Gorda',2);
insert into comunas (idComuna,nomComuna,idRegion) values (11,'Taltal',2);
insert into comunas (idComuna,nomComuna,idRegion) values (12,'Calama',2);
insert into comunas (idComuna,nomComuna,idRegion) values (13,'Ollagüe',2);
insert into comunas (idComuna,nomComuna,idRegion) values (14,'San Pedro de Atacama',2);
insert into comunas (idComuna,nomComuna,idRegion) values (15,'Tocopilla',2);
insert into comunas (idComuna,nomComuna,idRegion) values (16,'María Elena',2);
insert into comunas (idComuna,nomComuna,idRegion) values (17,'Copiapó',3);
insert into comunas (idComuna,nomComuna,idRegion) values (18,'Caldera',3);
insert into comunas (idComuna,nomComuna,idRegion) values (19,'Tierra Amarilla',3);
insert into comunas (idComuna,nomComuna,idRegion) values (20,'Chañaral',3);
insert into comunas (idComuna,nomComuna,idRegion) values (21,'Diego de Almagro',3);
insert into comunas (idComuna,nomComuna,idRegion) values (22,'Vallenar',3);
insert into comunas (idComuna,nomComuna,idRegion) values (23,'Alto del Carmen',3);
insert into comunas (idComuna,nomComuna,idRegion) values (24,'Freirina',3);
insert into comunas (idComuna,nomComuna,idRegion) values (25,'Huasco',3);
insert into comunas (idComuna,nomComuna,idRegion) values (26,'La Serena',4);
insert into comunas (idComuna,nomComuna,idRegion) values (27,'Coquimbo',4);
insert into comunas (idComuna,nomComuna,idRegion) values (28,'Andacollo',4);
insert into comunas (idComuna,nomComuna,idRegion) values (29,'La Higuera',4);
insert into comunas (idComuna,nomComuna,idRegion) values (30,'Paiguano',4);
insert into comunas (idComuna,nomComuna,idRegion) values (31,'Vicuña',4);
insert into comunas (idComuna,nomComuna,idRegion) values (32,'Illapel',4);
insert into comunas (idComuna,nomComuna,idRegion) values (33,'Canela',4);
insert into comunas (idComuna,nomComuna,idRegion) values (34,'Los Vilos',4);
insert into comunas (idComuna,nomComuna,idRegion) values (35,'Salamanca',4);
insert into comunas (idComuna,nomComuna,idRegion) values (36,'Ovalle',4);
insert into comunas (idComuna,nomComuna,idRegion) values (37,'Combarbalá',4);
insert into comunas (idComuna,nomComuna,idRegion) values (38,'Monte Patria',4);
insert into comunas (idComuna,nomComuna,idRegion) values (39,'Punitaqui',4);
insert into comunas (idComuna,nomComuna,idRegion) values (40,'Río Hurtado',4);
insert into comunas (idComuna,nomComuna,idRegion) values (41,'Valparaíso',5);
insert into comunas (idComuna,nomComuna,idRegion) values (42,'Casablanca',5);
insert into comunas (idComuna,nomComuna,idRegion) values (43,'Concón',5);
insert into comunas (idComuna,nomComuna,idRegion) values (44,'Juan Fernández',5);
insert into comunas (idComuna,nomComuna,idRegion) values (45,'Puchuncaví',5);
insert into comunas (idComuna,nomComuna,idRegion) values (46,'Quintero',5);
insert into comunas (idComuna,nomComuna,idRegion) values (47,'Viña del Mar',5);
insert into comunas (idComuna,nomComuna,idRegion) values (48,'Isla de Pascua',5);
insert into comunas (idComuna,nomComuna,idRegion) values (49,'Los Andes',5);
insert into comunas (idComuna,nomComuna,idRegion) values (50,'Calle Larga',5);
insert into comunas (idComuna,nomComuna,idRegion) values (51,'Rinconada',5);
insert into comunas (idComuna,nomComuna,idRegion) values (52,'San Esteban',5);
insert into comunas (idComuna,nomComuna,idRegion) values (53,'La Ligua',5);
insert into comunas (idComuna,nomComuna,idRegion) values (54,'Cabildo',5);
insert into comunas (idComuna,nomComuna,idRegion) values (55,'Papudo',5);
insert into comunas (idComuna,nomComuna,idRegion) values (56,'Petorca',5);
insert into comunas (idComuna,nomComuna,idRegion) values (57,'Zapallar',5);
insert into comunas (idComuna,nomComuna,idRegion) values (58,'Quillota',5);
insert into comunas (idComuna,nomComuna,idRegion) values (59,'Calera',5);
insert into comunas (idComuna,nomComuna,idRegion) values (60,'Hijuelas',5);
insert into comunas (idComuna,nomComuna,idRegion) values (61,'La Cruz',5);
insert into comunas (idComuna,nomComuna,idRegion) values (62,'Nogales',5);
insert into comunas (idComuna,nomComuna,idRegion) values (63,'San Antonio',5);
insert into comunas (idComuna,nomComuna,idRegion) values (64,'Algarrobo',5);
insert into comunas (idComuna,nomComuna,idRegion) values (65,'Cartagena',5);
insert into comunas (idComuna,nomComuna,idRegion) values (66,'El Quisco',5);
insert into comunas (idComuna,nomComuna,idRegion) values (67,'El Tabo',5);
insert into comunas (idComuna,nomComuna,idRegion) values (68,'Santo Domingo',5);
insert into comunas (idComuna,nomComuna,idRegion) values (69,'San Felipe',5);
insert into comunas (idComuna,nomComuna,idRegion) values (70,'Catemu',5);
insert into comunas (idComuna,nomComuna,idRegion) values (71,'Llaillay',5);
insert into comunas (idComuna,nomComuna,idRegion) values (72,'Panquehue',5);
insert into comunas (idComuna,nomComuna,idRegion) values (73,'Putaendo',5);
insert into comunas (idComuna,nomComuna,idRegion) values (74,'Santa María',5);
insert into comunas (idComuna,nomComuna,idRegion) values (75,'Quilpué',5);
insert into comunas (idComuna,nomComuna,idRegion) values (76,'Limache',5);
insert into comunas (idComuna,nomComuna,idRegion) values (77,'Olmué',5);
insert into comunas (idComuna,nomComuna,idRegion) values (78,'Villa Alemana',5);
insert into comunas (idComuna,nomComuna,idRegion) values (79,'Rancagua',6);
insert into comunas (idComuna,nomComuna,idRegion) values (80,'Codegua',6);
insert into comunas (idComuna,nomComuna,idRegion) values (81,'Coinco',6);
insert into comunas (idComuna,nomComuna,idRegion) values (82,'Coltauco',6);
insert into comunas (idComuna,nomComuna,idRegion) values (83,'Doñihue',6);
insert into comunas (idComuna,nomComuna,idRegion) values (84,'Graneros',6);
insert into comunas (idComuna,nomComuna,idRegion) values (85,'Las Cabras',6);
insert into comunas (idComuna,nomComuna,idRegion) values (86,'Machalí',6);
insert into comunas (idComuna,nomComuna,idRegion) values (87,'Malloa',6);
insert into comunas (idComuna,nomComuna,idRegion) values (88,'Mostazal',6);
insert into comunas (idComuna,nomComuna,idRegion) values (89,'Olivar',6);
insert into comunas (idComuna,nomComuna,idRegion) values (90,'Peumo',6);
insert into comunas (idComuna,nomComuna,idRegion) values (91,'Pichidegua',6);
insert into comunas (idComuna,nomComuna,idRegion) values (92,'Quinta de Tilcoco',6);
insert into comunas (idComuna,nomComuna,idRegion) values (93,'Rengo',6);
insert into comunas (idComuna,nomComuna,idRegion) values (94,'Requínoa',6);
insert into comunas (idComuna,nomComuna,idRegion) values (95,'San Vicente',6);
insert into comunas (idComuna,nomComuna,idRegion) values (96,'Pichilemu',6);
insert into comunas (idComuna,nomComuna,idRegion) values (97,'La Estrella',6);
insert into comunas (idComuna,nomComuna,idRegion) values (98,'Litueche',6);
insert into comunas (idComuna,nomComuna,idRegion) values (99,'Marchihue',6);
insert into comunas (idComuna,nomComuna,idRegion) values (100,'Navidad',6);
insert into comunas (idComuna,nomComuna,idRegion) values (101,'Paredones',6);
insert into comunas (idComuna,nomComuna,idRegion) values (102,'San Fernando',6);
insert into comunas (idComuna,nomComuna,idRegion) values (103,'Chépica',6);
insert into comunas (idComuna,nomComuna,idRegion) values (104,'Chimbarongo',6);
insert into comunas (idComuna,nomComuna,idRegion) values (105,'Lolol',6);
insert into comunas (idComuna,nomComuna,idRegion) values (106,'Nancagua',6);
insert into comunas (idComuna,nomComuna,idRegion) values (107,'Palmilla',6);
insert into comunas (idComuna,nomComuna,idRegion) values (108,'Peralillo',6);
insert into comunas (idComuna,nomComuna,idRegion) values (109,'Placilla',6);
insert into comunas (idComuna,nomComuna,idRegion) values (110,'Pumanque',6);
insert into comunas (idComuna,nomComuna,idRegion) values (111,'Santa Cruz',6);
insert into comunas (idComuna,nomComuna,idRegion) values (112,'Talca',7);
insert into comunas (idComuna,nomComuna,idRegion) values (113,'Constitución',7);
insert into comunas (idComuna,nomComuna,idRegion) values (114,'Curepto',7);
insert into comunas (idComuna,nomComuna,idRegion) values (115,'Empedrado',7);
insert into comunas (idComuna,nomComuna,idRegion) values (116,'Maule',7);
insert into comunas (idComuna,nomComuna,idRegion) values (117,'Pelarco',7);
insert into comunas (idComuna,nomComuna,idRegion) values (118,'Pencahue',7);
insert into comunas (idComuna,nomComuna,idRegion) values (119,'Río Claro',7);
insert into comunas (idComuna,nomComuna,idRegion) values (120,'San Clemente',7);
insert into comunas (idComuna,nomComuna,idRegion) values (121,'San Rafael',7);
insert into comunas (idComuna,nomComuna,idRegion) values (122,'Cauquenes',7);
insert into comunas (idComuna,nomComuna,idRegion) values (123,'Chanco',7);
insert into comunas (idComuna,nomComuna,idRegion) values (124,'Pelluhue',7);
insert into comunas (idComuna,nomComuna,idRegion) values (125,'Curicó',7);
insert into comunas (idComuna,nomComuna,idRegion) values (126,'Hualañé',7);
insert into comunas (idComuna,nomComuna,idRegion) values (127,'Licantén',7);
insert into comunas (idComuna,nomComuna,idRegion) values (128,'Molina',7);
insert into comunas (idComuna,nomComuna,idRegion) values (129,'Rauco',7);
insert into comunas (idComuna,nomComuna,idRegion) values (130,'Romeral',7);
insert into comunas (idComuna,nomComuna,idRegion) values (131,'Sagrada Familia',7);
insert into comunas (idComuna,nomComuna,idRegion) values (132,'Teno',7);
insert into comunas (idComuna,nomComuna,idRegion) values (133,'Vichuquén',7);
insert into comunas (idComuna,nomComuna,idRegion) values (134,'Linares',7);
insert into comunas (idComuna,nomComuna,idRegion) values (135,'Colbún',7);
insert into comunas (idComuna,nomComuna,idRegion) values (136,'Longaví',7);
insert into comunas (idComuna,nomComuna,idRegion) values (137,'Parral',7);
insert into comunas (idComuna,nomComuna,idRegion) values (138,'Retiro',7);
insert into comunas (idComuna,nomComuna,idRegion) values (139,'San Javier',7);
insert into comunas (idComuna,nomComuna,idRegion) values (140,'Villa Alegre',7);
insert into comunas (idComuna,nomComuna,idRegion) values (141,'Yerbas Buenas',7);
insert into comunas (idComuna,nomComuna,idRegion) values (142,'Concepción',8);
insert into comunas (idComuna,nomComuna,idRegion) values (143,'Coronel',8);
insert into comunas (idComuna,nomComuna,idRegion) values (144,'Chiguayante',8);
insert into comunas (idComuna,nomComuna,idRegion) values (145,'Florida',8);
insert into comunas (idComuna,nomComuna,idRegion) values (146,'Hualqui',8);
insert into comunas (idComuna,nomComuna,idRegion) values (147,'Lota',8);
insert into comunas (idComuna,nomComuna,idRegion) values (148,'Penco',8);
insert into comunas (idComuna,nomComuna,idRegion) values (149,'San Pedro de la Paz',8);
insert into comunas (idComuna,nomComuna,idRegion) values (150,'Santa Juana',8);
insert into comunas (idComuna,nomComuna,idRegion) values (151,'Talcahuano',8);
insert into comunas (idComuna,nomComuna,idRegion) values (152,'Tomé',8);
insert into comunas (idComuna,nomComuna,idRegion) values (153,'Hualpén',8);
insert into comunas (idComuna,nomComuna,idRegion) values (154,'Lebu',8);
insert into comunas (idComuna,nomComuna,idRegion) values (155,'Arauco',8);
insert into comunas (idComuna,nomComuna,idRegion) values (156,'Cañete',8);
insert into comunas (idComuna,nomComuna,idRegion) values (157,'Contulmo',8);
insert into comunas (idComuna,nomComuna,idRegion) values (158,'Curanilahue',8);
insert into comunas (idComuna,nomComuna,idRegion) values (159,'Los Alamos',8);
insert into comunas (idComuna,nomComuna,idRegion) values (160,'Tirúa',8);
insert into comunas (idComuna,nomComuna,idRegion) values (161,'Los Angeles',8);
insert into comunas (idComuna,nomComuna,idRegion) values (162,'Antuco',8);
insert into comunas (idComuna,nomComuna,idRegion) values (163,'Cabrero',8);
insert into comunas (idComuna,nomComuna,idRegion) values (164,'Laja',8);
insert into comunas (idComuna,nomComuna,idRegion) values (165,'Mulchén',8);
insert into comunas (idComuna,nomComuna,idRegion) values (166,'Nacimiento',8);
insert into comunas (idComuna,nomComuna,idRegion) values (167,'Negrete',8);
insert into comunas (idComuna,nomComuna,idRegion) values (168,'Quilaco',8);
insert into comunas (idComuna,nomComuna,idRegion) values (169,'Quilleco',8);
insert into comunas (idComuna,nomComuna,idRegion) values (170,'San Rosendo',8);
insert into comunas (idComuna,nomComuna,idRegion) values (171,'Santa Bárbara',8);
insert into comunas (idComuna,nomComuna,idRegion) values (172,'Tucapel',8);
insert into comunas (idComuna,nomComuna,idRegion) values (173,'Yumbel',8);
insert into comunas (idComuna,nomComuna,idRegion) values (174,'Alto Biobío',8);
insert into comunas (idComuna,nomComuna,idRegion) values (175,'Temuco',9);
insert into comunas (idComuna,nomComuna,idRegion) values (176,'Carahue',9);
insert into comunas (idComuna,nomComuna,idRegion) values (177,'Cunco',9);
insert into comunas (idComuna,nomComuna,idRegion) values (178,'Curarrehue',9);
insert into comunas (idComuna,nomComuna,idRegion) values (179,'Freire',9);
insert into comunas (idComuna,nomComuna,idRegion) values (180,'Galvarino',9);
insert into comunas (idComuna,nomComuna,idRegion) values (181,'Gorbea',9);
insert into comunas (idComuna,nomComuna,idRegion) values (182,'Lautaro',9);
insert into comunas (idComuna,nomComuna,idRegion) values (183,'Loncoche',9);
insert into comunas (idComuna,nomComuna,idRegion) values (184,'Melipeuco',9);
insert into comunas (idComuna,nomComuna,idRegion) values (185,'Nueva Imperial',9);
insert into comunas (idComuna,nomComuna,idRegion) values (186,'Padre Las Casas',9);
insert into comunas (idComuna,nomComuna,idRegion) values (187,'Perquenco',9);
insert into comunas (idComuna,nomComuna,idRegion) values (188,'Pitrufquén',9);
insert into comunas (idComuna,nomComuna,idRegion) values (189,'Pucón',9);
insert into comunas (idComuna,nomComuna,idRegion) values (190,'Saavedra',9);
insert into comunas (idComuna,nomComuna,idRegion) values (191,'Teodoro Schmidt',9);
insert into comunas (idComuna,nomComuna,idRegion) values (192,'Toltén',9);
insert into comunas (idComuna,nomComuna,idRegion) values (193,'Vilcún',9);
insert into comunas (idComuna,nomComuna,idRegion) values (194,'Villarrica',9);
insert into comunas (idComuna,nomComuna,idRegion) values (195,'Cholchol',9);
insert into comunas (idComuna,nomComuna,idRegion) values (196,'Angol',9);
insert into comunas (idComuna,nomComuna,idRegion) values (197,'Collipulli',9);
insert into comunas (idComuna,nomComuna,idRegion) values (198,'Curacautín',9);
insert into comunas (idComuna,nomComuna,idRegion) values (199,'Ercilla',9);
insert into comunas (idComuna,nomComuna,idRegion) values (200,'Lonquimay',9);
insert into comunas (idComuna,nomComuna,idRegion) values (201,'Los Sauces',9);
insert into comunas (idComuna,nomComuna,idRegion) values (202,'Lumaco',9);
insert into comunas (idComuna,nomComuna,idRegion) values (203,'Purén',9);
insert into comunas (idComuna,nomComuna,idRegion) values (204,'Renaico',9);
insert into comunas (idComuna,nomComuna,idRegion) values (205,'Traiguén',9);
insert into comunas (idComuna,nomComuna,idRegion) values (206,'Victoria',9);
insert into comunas (idComuna,nomComuna,idRegion) values (207,'Puerto Montt',10);
insert into comunas (idComuna,nomComuna,idRegion) values (208,'Calbuco',10);
insert into comunas (idComuna,nomComuna,idRegion) values (209,'Cochamó',10);
insert into comunas (idComuna,nomComuna,idRegion) values (210,'Fresia',10);
insert into comunas (idComuna,nomComuna,idRegion) values (211,'Frutillar',10);
insert into comunas (idComuna,nomComuna,idRegion) values (212,'Los Muermos',10);
insert into comunas (idComuna,nomComuna,idRegion) values (213,'Llanquihue',10);
insert into comunas (idComuna,nomComuna,idRegion) values (214,'Maullín',10);
insert into comunas (idComuna,nomComuna,idRegion) values (215,'Puerto Varas',10);
insert into comunas (idComuna,nomComuna,idRegion) values (216,'Castro',10);
insert into comunas (idComuna,nomComuna,idRegion) values (217,'Ancud',10);
insert into comunas (idComuna,nomComuna,idRegion) values (218,'Chonchi',10);
insert into comunas (idComuna,nomComuna,idRegion) values (219,'Curaco de Vélez',10);
insert into comunas (idComuna,nomComuna,idRegion) values (220,'Dalcahue',10);
insert into comunas (idComuna,nomComuna,idRegion) values (221,'Puqueldón',10);
insert into comunas (idComuna,nomComuna,idRegion) values (222,'Queilén',10);
insert into comunas (idComuna,nomComuna,idRegion) values (223,'Quellón',10);
insert into comunas (idComuna,nomComuna,idRegion) values (224,'Quemchi',10);
insert into comunas (idComuna,nomComuna,idRegion) values (225,'Quinchao',10);
insert into comunas (idComuna,nomComuna,idRegion) values (226,'Osorno',10);
insert into comunas (idComuna,nomComuna,idRegion) values (227,'Puerto Octay',10);
insert into comunas (idComuna,nomComuna,idRegion) values (228,'Purranque',10);
insert into comunas (idComuna,nomComuna,idRegion) values (229,'Puyehue',10);
insert into comunas (idComuna,nomComuna,idRegion) values (230,'Río Negro',10);
insert into comunas (idComuna,nomComuna,idRegion) values (231,'San Juan de la Costa',10);
insert into comunas (idComuna,nomComuna,idRegion) values (232,'San Pablo',10);
insert into comunas (idComuna,nomComuna,idRegion) values (233,'Chaitén',10);
insert into comunas (idComuna,nomComuna,idRegion) values (234,'Futaleufú',10);
insert into comunas (idComuna,nomComuna,idRegion) values (235,'Hualaihué',10);
insert into comunas (idComuna,nomComuna,idRegion) values (236,'Palena',10);
insert into comunas (idComuna,nomComuna,idRegion) values (237,'Coihaique',11);
insert into comunas (idComuna,nomComuna,idRegion) values (238,'Lago Verde',11);
insert into comunas (idComuna,nomComuna,idRegion) values (239,'Aisén',11);
insert into comunas (idComuna,nomComuna,idRegion) values (240,'Cisnes',11);
insert into comunas (idComuna,nomComuna,idRegion) values (241,'Guaitecas',11);
insert into comunas (idComuna,nomComuna,idRegion) values (242,'Cochrane',11);
insert into comunas (idComuna,nomComuna,idRegion) values (243,'OHiggins',11);
insert into comunas (idComuna,nomComuna,idRegion) values (244,'Tortel',11);
insert into comunas (idComuna,nomComuna,idRegion) values (245,'Chile Chico',11);
insert into comunas (idComuna,nomComuna,idRegion) values (246,'Río Ibáñez',11);
insert into comunas (idComuna,nomComuna,idRegion) values (247,'Punta Arenas',12);
insert into comunas (idComuna,nomComuna,idRegion) values (248,'Laguna Blanca',12);
insert into comunas (idComuna,nomComuna,idRegion) values (249,'Río Verde',12);
insert into comunas (idComuna,nomComuna,idRegion) values (250,'San Gregorio',12);
insert into comunas (idComuna,nomComuna,idRegion) values (251,'Cabo de Hornos',12);
insert into comunas (idComuna,nomComuna,idRegion) values (252,'Porvenir',12);
insert into comunas (idComuna,nomComuna,idRegion) values (253,'Primavera',12);
insert into comunas (idComuna,nomComuna,idRegion) values (254,'Timaukel',12);
insert into comunas (idComuna,nomComuna,idRegion) values (255,'Natales',12);
insert into comunas (idComuna,nomComuna,idRegion) values (256,'Torres del Paine',12);
insert into comunas (idComuna,nomComuna,idRegion) values (257,'Santiago',13);
insert into comunas (idComuna,nomComuna,idRegion) values (258,'Cerrillos',13);
insert into comunas (idComuna,nomComuna,idRegion) values (259,'Cerro Navia',13);
insert into comunas (idComuna,nomComuna,idRegion) values (260,'Conchalí',13);
insert into comunas (idComuna,nomComuna,idRegion) values (261,'El Bosque',13);
insert into comunas (idComuna,nomComuna,idRegion) values (262,'Estación Central',13);
insert into comunas (idComuna,nomComuna,idRegion) values (263,'Huechuraba',13);
insert into comunas (idComuna,nomComuna,idRegion) values (264,'Independencia',13);
insert into comunas (idComuna,nomComuna,idRegion) values (265,'La Cisterna',13);
insert into comunas (idComuna,nomComuna,idRegion) values (266,'La Florida',13);
insert into comunas (idComuna,nomComuna,idRegion) values (267,'La Granja',13);
insert into comunas (idComuna,nomComuna,idRegion) values (268,'La Pintana',13);
insert into comunas (idComuna,nomComuna,idRegion) values (269,'La Reina',13);
insert into comunas (idComuna,nomComuna,idRegion) values (270,'Las Condes',13);
insert into comunas (idComuna,nomComuna,idRegion) values (271,'Lo Barnechea',13);
insert into comunas (idComuna,nomComuna,idRegion) values (272,'Lo Espejo',13);
insert into comunas (idComuna,nomComuna,idRegion) values (273,'Lo Prado',13);
insert into comunas (idComuna,nomComuna,idRegion) values (274,'Macul',13);
insert into comunas (idComuna,nomComuna,idRegion) values (275,'Maipú',13);
insert into comunas (idComuna,nomComuna,idRegion) values (276,'Ñuñoa',13);
insert into comunas (idComuna,nomComuna,idRegion) values (277,'Pedro Aguirre Cerda',13);
insert into comunas (idComuna,nomComuna,idRegion) values (278,'Peñalolén',13);
insert into comunas (idComuna,nomComuna,idRegion) values (279,'Providencia',13);
insert into comunas (idComuna,nomComuna,idRegion) values (280,'Pudahuel',13);
insert into comunas (idComuna,nomComuna,idRegion) values (281,'Quilicura',13);
insert into comunas (idComuna,nomComuna,idRegion) values (282,'Quinta Normal',13);
insert into comunas (idComuna,nomComuna,idRegion) values (283,'Recoleta',13);
insert into comunas (idComuna,nomComuna,idRegion) values (284,'Renca',13);
insert into comunas (idComuna,nomComuna,idRegion) values (285,'San Joaquín',13);
insert into comunas (idComuna,nomComuna,idRegion) values (286,'San Miguel',13);
insert into comunas (idComuna,nomComuna,idRegion) values (287,'San Ramón',13);
insert into comunas (idComuna,nomComuna,idRegion) values (288,'Vitacura',13);
insert into comunas (idComuna,nomComuna,idRegion) values (289,'Puente Alto',13);
insert into comunas (idComuna,nomComuna,idRegion) values (290,'Pirque',13);
insert into comunas (idComuna,nomComuna,idRegion) values (291,'San José de Maipo',13);
insert into comunas (idComuna,nomComuna,idRegion) values (292,'Colina',13);
insert into comunas (idComuna,nomComuna,idRegion) values (293,'Lampa',13);
insert into comunas (idComuna,nomComuna,idRegion) values (294,'Tiltil',13);
insert into comunas (idComuna,nomComuna,idRegion) values (295,'San Bernardo',13);
insert into comunas (idComuna,nomComuna,idRegion) values (296,'Buin',13);
insert into comunas (idComuna,nomComuna,idRegion) values (297,'Calera de Tango',13);
insert into comunas (idComuna,nomComuna,idRegion) values (298,'Paine',13);
insert into comunas (idComuna,nomComuna,idRegion) values (299,'Melipilla',13);
insert into comunas (idComuna,nomComuna,idRegion) values (300,'Alhué',13);
insert into comunas (idComuna,nomComuna,idRegion) values (301,'Curacaví',13);
insert into comunas (idComuna,nomComuna,idRegion) values (302,'María Pinto',13);
insert into comunas (idComuna,nomComuna,idRegion) values (303,'San Pedro',13);
insert into comunas (idComuna,nomComuna,idRegion) values (304,'Talagante',13);
insert into comunas (idComuna,nomComuna,idRegion) values (305,'El Monte',13);
insert into comunas (idComuna,nomComuna,idRegion) values (306,'Isla de Maipo',13);
insert into comunas (idComuna,nomComuna,idRegion) values (307,'Padre Hurtado',13);
insert into comunas (idComuna,nomComuna,idRegion) values (308,'Peñaflor',13);
insert into comunas (idComuna,nomComuna,idRegion) values (309,'Valdivia',14);
insert into comunas (idComuna,nomComuna,idRegion) values (310,'Corral',14);
insert into comunas (idComuna,nomComuna,idRegion) values (311,'Lanco',14);
insert into comunas (idComuna,nomComuna,idRegion) values (312,'Los Lagos',14);
insert into comunas (idComuna,nomComuna,idRegion) values (313,'Máfil',14);
insert into comunas (idComuna,nomComuna,idRegion) values (314,'Mariquina',14);
insert into comunas (idComuna,nomComuna,idRegion) values (315,'Paillaco',14);
insert into comunas (idComuna,nomComuna,idRegion) values (316,'Panguipulli',14);
insert into comunas (idComuna,nomComuna,idRegion) values (317,'La Unión',14);
insert into comunas (idComuna,nomComuna,idRegion) values (318,'Futrono',14);
insert into comunas (idComuna,nomComuna,idRegion) values (319,'Lago Ranco',14);
insert into comunas (idComuna,nomComuna,idRegion) values (320,'Río Bueno',14);
insert into comunas (idComuna,nomComuna,idRegion) values (321,'Arica',15);
insert into comunas (idComuna,nomComuna,idRegion) values (322,'Camarones',15);
insert into comunas (idComuna,nomComuna,idRegion) values (323,'Putre',15);
insert into comunas (idComuna,nomComuna,idRegion) values (324,'General Lagos',15);
insert into comunas (idComuna,nomComuna,idRegion) values (325,'Chillán',16);
insert into comunas (idComuna,nomComuna,idRegion) values (326,'Bulnes',16);
insert into comunas (idComuna,nomComuna,idRegion) values (327,'Chillán Viejo',16);
insert into comunas (idComuna,nomComuna,idRegion) values (328,'El Carmen',16);
insert into comunas (idComuna,nomComuna,idRegion) values (329,'Pemuco',16);
insert into comunas (idComuna,nomComuna,idRegion) values (330,'Pinto',16);
insert into comunas (idComuna,nomComuna,idRegion) values (331,'Quillón',16);
insert into comunas (idComuna,nomComuna,idRegion) values (332,'San Ignacio',16);
insert into comunas (idComuna,nomComuna,idRegion) values (333,'Yungay',16);
insert into comunas (idComuna,nomComuna,idRegion) values (334,'Quirihue',16);
insert into comunas (idComuna,nomComuna,idRegion) values (335,'Cobquecura',16);
insert into comunas (idComuna,nomComuna,idRegion) values (336,'Coelemu',16);
insert into comunas (idComuna,nomComuna,idRegion) values (337,'Ninhue',16);
insert into comunas (idComuna,nomComuna,idRegion) values (338,'Portezuelo',16);
insert into comunas (idComuna,nomComuna,idRegion) values (339,'Ranquil',16);
insert into comunas (idComuna,nomComuna,idRegion) values (340,'Treguaco',16);
insert into comunas (idComuna,nomComuna,idRegion) values (341,'San Carlos',16);
insert into comunas (idComuna,nomComuna,idRegion) values (342,'Coihueco',16);
insert into comunas (idComuna,nomComuna,idRegion) values (343,'Ñiquén',16);
insert into comunas (idComuna,nomComuna,idRegion) values (344,'San Fabián',16);
insert into comunas (idComuna,nomComuna,idRegion) values (345,'San Nicolás',16);

insert into clientes (idCliente,rutCliente,nomCliente,apeCliente,emailCliente,telCliente,dirCliente,idComuna) values (1,'23073732-0','PABLO','MATURANA','PABLO.MATURANA@gmail.com','984172970','Pasaje el olvido',200);
insert into clientes (idCliente,rutCliente,nomCliente,apeCliente,emailCliente,telCliente,dirCliente,idComuna) values (2,'8892973-k','FLOR','MARTINEZ','FLOR.MARTINEZ@gmail.com','984172971','Avenida Blanco Encalada',221);
insert into clientes (idCliente,rutCliente,nomCliente,apeCliente,emailCliente,telCliente,dirCliente,idComuna) values (3,'11324478-k','JOSE','PONCE','JOSE.PONCE@gmail.com','984172972','Avenida Brasil',210);
insert into clientes (idCliente,rutCliente,nomCliente,apeCliente,emailCliente,telCliente,dirCliente,idComuna) values (4,'9688383-8','KEVIN','FUENZALIDA','KEVIN.FUENZALIDA@gmail.com','945172973','Avenida Ejército Libertador',12);
insert into clientes (idCliente,rutCliente,nomCliente,apeCliente,emailCliente,telCliente,dirCliente,idComuna) values (5,'17000825-1','JOSEFA','ROSENTAL','JOSEFA.ROSENTAL@gmail.com','945172974','Avenida General Rondizzoni',338);
insert into clientes (idCliente,rutCliente,nomCliente,apeCliente,emailCliente,telCliente,dirCliente,idComuna) values (6,'13758595-2','JUANA','PINO','JUANA.PINO@gmail.com','945172975','Avenida Libertador Bernardo O’Higgins',154);
insert into clientes (idCliente,rutCliente,nomCliente,apeCliente,emailCliente,telCliente,dirCliente,idComuna) values (7,'17140869-5','BERNARDA','JIMENEZ','BERNARDA.JIMENEZ@gmail.com','945172976','Avenida Manuel Antonio Matta',150);
insert into clientes (idCliente,rutCliente,nomCliente,apeCliente,emailCliente,telCliente,dirCliente,idComuna) values (8,'8599412-3','TATIANA','GARATE','TATIANA.GARATE@gmail.com','945172977','Avenida Matucana',48);
insert into clientes (idCliente,rutCliente,nomCliente,apeCliente,emailCliente,telCliente,dirCliente,idComuna) values (9,'22199482-5','NATASHA','CORVALAN','NATASHA.CORVALAN@gmail.com','945172978','Avenida San Diego',186);
insert into clientes (idCliente,rutCliente,nomCliente,apeCliente,emailCliente,telCliente,dirCliente,idComuna) values (10,'14423074-4','MARCO','STARK','MARCO.STARK@gmail.com','945172979','Calle Agustinas',299);
insert into clientes (idCliente,rutCliente,nomCliente,apeCliente,emailCliente,telCliente,dirCliente,idComuna) values (11,'18950138-2','VICTOR','ROSENTAL','VICTOR.ROSENTAL@gmail.com','945172980','Calle Bandera',261);
insert into clientes (idCliente,rutCliente,nomCliente,apeCliente,emailCliente,telCliente,dirCliente,idComuna) values (12,'8952019-3','ESTER','PONCE','ESTER.PONCE@gmail.com','945172981','Calle Catedral',338);
insert into clientes (idCliente,rutCliente,nomCliente,apeCliente,emailCliente,telCliente,dirCliente,idComuna) values (13,'11044824-4','IGNACIO','MORAN','IGNACIO.MORAN@gmail.com','945172982','Calle Compañía',47);
insert into clientes (idCliente,rutCliente,nomCliente,apeCliente,emailCliente,telCliente,dirCliente,idComuna) values (14,'5131520-0','IGNACIO','SOLAR','IGNACIO.SOLAR@gmail.com','958172983','Calle Esmeralda',293);
insert into clientes (idCliente,rutCliente,nomCliente,apeCliente,emailCliente,telCliente,dirCliente,idComuna) values (15,'23529736-1','EMILIO','SALINAS','EMILIO.SALINAS@gmail.com','958172984','Calle Franklin',195);
insert into clientes (idCliente,rutCliente,nomCliente,apeCliente,emailCliente,telCliente,dirCliente,idComuna) values (16,'20689648-5','NATASHA','SAEZ','NATASHA.SAEZ@gmail.com','958172985','Calle Ismael Valdés Vergara',119);
insert into clientes (idCliente,rutCliente,nomCliente,apeCliente,emailCliente,telCliente,dirCliente,idComuna) values (17,'18779632-6','KATHERINE','SAEZ','KATHERINE.SAEZ@gmail.com','958172986','Calle José Miguel de La Barra',49);
insert into clientes (idCliente,rutCliente,nomCliente,apeCliente,emailCliente,telCliente,dirCliente,idComuna) values (18,'6148566-k','ANTONIO','BASAURE','ANTONIO.BASAURE@gmail.com','958172987','Calle Mac-Iver',5);
insert into clientes (idCliente,rutCliente,nomCliente,apeCliente,emailCliente,telCliente,dirCliente,idComuna) values (19,'8950364-7','NOELIA','SOLAR','NOELIA.SOLAR@gmail.com','958172988','Calle Merced',157);
insert into clientes (idCliente,rutCliente,nomCliente,apeCliente,emailCliente,telCliente,dirCliente,idComuna) values (20,'5794790-k','SERGIO','ARAYA','SERGIO.ARAYA@gmail.com','958172989','Calle Monjitas',153);
insert into clientes (idCliente,rutCliente,nomCliente,apeCliente,emailCliente,telCliente,dirCliente,idComuna) values (21,'12262279-7','LIDIA','FUENTES','LIDIA.FUENTES@gmail.com','958172990','Calle de Morandé',182);
insert into clientes (idCliente,rutCliente,nomCliente,apeCliente,emailCliente,telCliente,dirCliente,idComuna) values (22,'23020095-5','FLORENCIA','JIMENEZ','FLORENCIA.JIMENEZ@gmail.com','958172991','Calle San Antonio',278);
insert into clientes (idCliente,rutCliente,nomCliente,apeCliente,emailCliente,telCliente,dirCliente,idComuna) values (23,'11380472-6','ELIZABETH','BUSTOS','ELIZABETH.BUSTOS@gmail.com','958172992','Calle Santo Domingo',196);
insert into clientes (idCliente,rutCliente,nomCliente,apeCliente,emailCliente,telCliente,dirCliente,idComuna) values (24,'22657839-0','FLORENCIA','SAEZ','FLORENCIA.SAEZ@gmail.com','958172993','Calle Victoria Subercaseaux',305);
insert into clientes (idCliente,rutCliente,nomCliente,apeCliente,emailCliente,telCliente,dirCliente,idComuna) values (25,'15197471-6','ELIAS','CORNEJO','ELIAS.CORNEJO@gmail.com','958172994','Calle 21 de Mayo',165);
insert into clientes (idCliente,rutCliente,nomCliente,apeCliente,emailCliente,telCliente,dirCliente,idComuna) values (26,'16302397-0','MARTINA','LLANOS','MARTINA.LLANOS@gmail.com','958172995','Paseo Ahumada',33);
insert into clientes (idCliente,rutCliente,nomCliente,apeCliente,emailCliente,telCliente,dirCliente,idComuna) values (27,'15549144-2','ELIAS','PONCE','ELIAS.PONCE@gmail.com','958172996','Paseo Estado',29);
insert into clientes (idCliente,rutCliente,nomCliente,apeCliente,emailCliente,telCliente,dirCliente,idComuna) values (28,'18118235-0','ESTER','ROGERS','ESTER.ROGERS@gmail.com','958172997','Paseo Huérfanos',136);
insert into clientes (idCliente,rutCliente,nomCliente,apeCliente,emailCliente,telCliente,dirCliente,idComuna) values (29,'6330357-7','RICARDO','ABARCA','RICARDO.ABARCA@gmail.com','958172998','Paseo Puente',324);
insert into clientes (idCliente,rutCliente,nomCliente,apeCliente,emailCliente,telCliente,dirCliente,idComuna) values (30,'16506675-8','RICARDO','CARVAJAL','RICARDO.CARVAJAL@gmail.com','958172999','Avenida Blanco Encalada',236);
insert into clientes (idCliente,rutCliente,nomCliente,apeCliente,emailCliente,telCliente,dirCliente,idComuna) values (31,'14757802-4','SCARLET','CAROCA','SCARLET.CAROCA@gmail.com','958173000','Avenida Brasil',219);
insert into clientes (idCliente,rutCliente,nomCliente,apeCliente,emailCliente,telCliente,dirCliente,idComuna) values (32,'18663710-0','ELIAS','MONSALVE','ELIAS.MONSALVE@gmail.com','958173001','Avenida Ejército Libertador',87);
insert into clientes (idCliente,rutCliente,nomCliente,apeCliente,emailCliente,telCliente,dirCliente,idComuna) values (33,'19596063-1','FERNANDO','ROJAS','FERNANDO.ROJAS@gmail.com','958173002','Avenida General Rondizzoni',254);
insert into clientes (idCliente,rutCliente,nomCliente,apeCliente,emailCliente,telCliente,dirCliente,idComuna) values (34,'19002511-k','NATASHA','COLIVORO','NATASHA.COLIVORO@gmail.com','958173003','Avenida Libertador Bernardo O’Higgins',230);
insert into clientes (idCliente,rutCliente,nomCliente,apeCliente,emailCliente,telCliente,dirCliente,idComuna) values (35,'9286545-2','MICHEL','LEON','MICHEL.LEON@gmail.com','958173004','Avenida Manuel Antonio Matta',239);
insert into clientes (idCliente,rutCliente,nomCliente,apeCliente,emailCliente,telCliente,dirCliente,idComuna) values (36,'22956668-7','SCARLET','CARVAJAL','SCARLET.CARVAJAL@gmail.com','958173005','Avenida Matucana',76);
insert into clientes (idCliente,rutCliente,nomCliente,apeCliente,emailCliente,telCliente,dirCliente,idComuna) values (37,'10647322-6','IVAN','FONT','IVAN.FONT@gmail.com','958173006','Avenida San Diego',270);
insert into clientes (idCliente,rutCliente,nomCliente,apeCliente,emailCliente,telCliente,dirCliente,idComuna) values (38,'14475126-4','ANA','ARANEDA','ANA.ARANEDA@gmail.com','958173007','Calle Agustinas',289);
insert into clientes (idCliente,rutCliente,nomCliente,apeCliente,emailCliente,telCliente,dirCliente,idComuna) values (39,'8562515-2','BELINDA','SALAZAR','BELINDA.SALAZAR@gmail.com','958173008','Calle Bandera',61);
insert into clientes (idCliente,rutCliente,nomCliente,apeCliente,emailCliente,telCliente,dirCliente,idComuna) values (40,'24164223-2','MARCO','LLANOS','MARCO.LLANOS@gmail.com','958173009','Calle Catedral',50);
insert into clientes (idCliente,rutCliente,nomCliente,apeCliente,emailCliente,telCliente,dirCliente,idComuna) values (41,'17256008-3','DIANA','CAROCA','DIANA.CAROCA@gmail.com','958173010','Calle Compañía',124);
insert into clientes (idCliente,rutCliente,nomCliente,apeCliente,emailCliente,telCliente,dirCliente,idComuna) values (42,'23307408-k','CARLOS','AEDO','CARLOS.AEDO@gmail.com','958173011','Calle Esmeralda',52);
insert into clientes (idCliente,rutCliente,nomCliente,apeCliente,emailCliente,telCliente,dirCliente,idComuna) values (43,'10289369-7','TONY','CACERES','TONY.CACERES@gmail.com','958173012','Calle Franklin',66);
insert into clientes (idCliente,rutCliente,nomCliente,apeCliente,emailCliente,telCliente,dirCliente,idComuna) values (44,'20881914-3','CARLOS','MOLLER','CARLOS.MOLLER@gmail.com','958173013','Calle Ismael Valdés Vergara',304);
insert into clientes (idCliente,rutCliente,nomCliente,apeCliente,emailCliente,telCliente,dirCliente,idComuna) values (45,'21970635-9','IVAN','MONSALVE','IVAN.MONSALVE@gmail.com','958173014','Calle José Miguel de La Barra',129);
insert into clientes (idCliente,rutCliente,nomCliente,apeCliente,emailCliente,telCliente,dirCliente,idComuna) values (46,'5527779-6','VERONICA','STARK','VERONICA.STARK@gmail.com','956183015','Calle Mac-Iver',23);
insert into clientes (idCliente,rutCliente,nomCliente,apeCliente,emailCliente,telCliente,dirCliente,idComuna) values (47,'19540910-2','JOSE','RUBIO','JOSE.RUBIO@gmail.com','956183016','Calle Merced',183);
insert into clientes (idCliente,rutCliente,nomCliente,apeCliente,emailCliente,telCliente,dirCliente,idComuna) values (48,'11890013-8','SERGIO','CACERES','SERGIO.CACERES@gmail.com','956183017','Calle Monjitas',106);
insert into clientes (idCliente,rutCliente,nomCliente,apeCliente,emailCliente,telCliente,dirCliente,idComuna) values (49,'8052689-k','NATASHA','CORNEJO','NATASHA.CORNEJO@gmail.com','956183018','Calle de Morandé',190);
insert into clientes (idCliente,rutCliente,nomCliente,apeCliente,emailCliente,telCliente,dirCliente,idComuna) values (50,'9361299-k','BELINDA','ROJAS','BELINDA.ROJAS@gmail.com','956183019','Calle San Antonio',154);
insert into clientes (idCliente,rutCliente,nomCliente,apeCliente,emailCliente,telCliente,dirCliente,idComuna) values (51,'14208244-6','JOSE','CORNEJO','JOSE.CORNEJO@gmail.com','956183020','Calle Santo Domingo',311);
insert into clientes (idCliente,rutCliente,nomCliente,apeCliente,emailCliente,telCliente,dirCliente,idComuna) values (52,'15810813-5','ANA','SOLAR','ANA.SOLAR@gmail.com','956183021','Calle Victoria Subercaseaux',305);
insert into clientes (idCliente,rutCliente,nomCliente,apeCliente,emailCliente,telCliente,dirCliente,idComuna) values (53,'9975047-2','EMILIO','RUBIO','EMILIO.RUBIO@gmail.com','956183022','Calle 21 de Mayo',46);
insert into clientes (idCliente,rutCliente,nomCliente,apeCliente,emailCliente,telCliente,dirCliente,idComuna) values (54,'15300665-2','MARTINA','GOMEZ','MARTINA.GOMEZ@gmail.com','956183023','Paseo Ahumada',161);
insert into clientes (idCliente,rutCliente,nomCliente,apeCliente,emailCliente,telCliente,dirCliente,idComuna) values (55,'23943110-0','BENJAMIN','SALVATIERRA','BENJAMIN.SALVATIERRA@gmail.com','956183024','Paseo Estado',184);
insert into clientes (idCliente,rutCliente,nomCliente,apeCliente,emailCliente,telCliente,dirCliente,idComuna) values (56,'15044410-1','SAMUEL','ALDERETE','SAMUEL.ALDERETE@gmail.com','956183025','Paseo Huérfanos',323);
insert into clientes (idCliente,rutCliente,nomCliente,apeCliente,emailCliente,telCliente,dirCliente,idComuna) values (57,'8688076-8','ESTER','CAROCA','ESTER.CAROCA@gmail.com','956183026','Paseo Puente',17);
insert into clientes (idCliente,rutCliente,nomCliente,apeCliente,emailCliente,telCliente,dirCliente,idComuna) values (58,'9801761-5','FERNANDO','SAEZ','FERNANDO.SAEZ@gmail.com','956183027','Avenida Blanco Encalada',177);
insert into clientes (idCliente,rutCliente,nomCliente,apeCliente,emailCliente,telCliente,dirCliente,idComuna) values (59,'12288390-6','ANDRES','RIOS','ANDRES.RIOS@gmail.com','956183028','Avenida Brasil',232);
insert into clientes (idCliente,rutCliente,nomCliente,apeCliente,emailCliente,telCliente,dirCliente,idComuna) values (60,'17938840-5','NATALIA','LLANOS','NATALIA.LLANOS@gmail.com','956183029','Avenida Ejército Libertador',197);
insert into clientes (idCliente,rutCliente,nomCliente,apeCliente,emailCliente,telCliente,dirCliente,idComuna) values (61,'14328348-8','ABRAHAM','GUAJARDO','ABRAHAM.GUAJARDO@gmail.com','956183030','Avenida General Rondizzoni',305);
insert into clientes (idCliente,rutCliente,nomCliente,apeCliente,emailCliente,telCliente,dirCliente,idComuna) values (62,'16715441-7','TIMOTEO','ALDERETE','TIMOTEO.ALDERETE@gmail.com','956183031','Avenida Libertador Bernardo O’Higgins',307);
insert into clientes (idCliente,rutCliente,nomCliente,apeCliente,emailCliente,telCliente,dirCliente,idComuna) values (63,'8286523-3','BENJAMIN','LEON','BENJAMIN.LEON@gmail.com','956183032','Avenida Manuel Antonio Matta',161);
insert into clientes (idCliente,rutCliente,nomCliente,apeCliente,emailCliente,telCliente,dirCliente,idComuna) values (64,'11159978-5','ISAAC','SAEZ','ISAAC.SAEZ@gmail.com','956183033','Avenida Matucana',78);
insert into clientes (idCliente,rutCliente,nomCliente,apeCliente,emailCliente,telCliente,dirCliente,idComuna) values (65,'23935427-0','BENJAMIN','ROGERS','BENJAMIN.ROGERS@gmail.com','956183034','Avenida San Diego',54);
insert into clientes (idCliente,rutCliente,nomCliente,apeCliente,emailCliente,telCliente,dirCliente,idComuna) values (66,'11578378-5','JAIME','CAROCA','JAIME.CAROCA@gmail.com','956183035','Calle Agustinas',88);
insert into clientes (idCliente,rutCliente,nomCliente,apeCliente,emailCliente,telCliente,dirCliente,idComuna) values (67,'15407129-6','LIDIA','GARATE','LIDIA.GARATE@gmail.com','956183036','Calle Bandera',118);
insert into clientes (idCliente,rutCliente,nomCliente,apeCliente,emailCliente,telCliente,dirCliente,idComuna) values (68,'15514048-8','MAIKOL','DIAZ','MAIKOL.DIAZ@gmail.com','956183037','Calle Catedral',311);
insert into clientes (idCliente,rutCliente,nomCliente,apeCliente,emailCliente,telCliente,dirCliente,idComuna) values (69,'10428160-5','BENJAMIN','CONTRERAS','BENJAMIN.CONTRERAS@gmail.com','956183038','Calle Compañía',136);
insert into clientes (idCliente,rutCliente,nomCliente,apeCliente,emailCliente,telCliente,dirCliente,idComuna) values (70,'11882876-3','ANTONIA','SAGREDO','ANTONIA.SAGREDO@gmail.com','956183039','Calle Esmeralda',312);
insert into clientes (idCliente,rutCliente,nomCliente,apeCliente,emailCliente,telCliente,dirCliente,idComuna) values (71,'13426050-5','BRUCE','ALDERETE','BRUCE.ALDERETE@gmail.com','956183040','Calle Franklin',82);
insert into clientes (idCliente,rutCliente,nomCliente,apeCliente,emailCliente,telCliente,dirCliente,idComuna) values (72,'9664631-3','PABLO','GARATE','PABLO.GARATE@gmail.com','956183041','Calle Ismael Valdés Vergara',157);
insert into clientes (idCliente,rutCliente,nomCliente,apeCliente,emailCliente,telCliente,dirCliente,idComuna) values (73,'10742312-5','ELIZABETH','MOLLER','ELIZABETH.MOLLER@gmail.com','956183042','Calle José Miguel de La Barra',156);
insert into clientes (idCliente,rutCliente,nomCliente,apeCliente,emailCliente,telCliente,dirCliente,idComuna) values (74,'14505406-0','SCARLET','GONZALEZ','SCARLET.GONZALEZ@gmail.com','956183043','Calle Mac-Iver',335);
insert into clientes (idCliente,rutCliente,nomCliente,apeCliente,emailCliente,telCliente,dirCliente,idComuna) values (75,'7510750-1','ALEJANDRO','SILVA','ALEJANDRO.SILVA@gmail.com','916583043','Calle Merced',264);
insert into clientes (idCliente,rutCliente,nomCliente,apeCliente,emailCliente,telCliente,dirCliente,idComuna) values (76,'14930902-0','ANA','DUARTE','ANA.DUARTE@gmail.com','916583044','Calle Monjitas',249);
insert into clientes (idCliente,rutCliente,nomCliente,apeCliente,emailCliente,telCliente,dirCliente,idComuna) values (77,'5478516-k','ANTONIO','CORNEJO','ANTONIO.CORNEJO@gmail.com','916583045','Calle de Morandé',133);
insert into clientes (idCliente,rutCliente,nomCliente,apeCliente,emailCliente,telCliente,dirCliente,idComuna) values (78,'19980282-8','TANIA','CACERES','TANIA.CACERES@gmail.com','916583046','Calle San Antonio',105);
insert into clientes (idCliente,rutCliente,nomCliente,apeCliente,emailCliente,telCliente,dirCliente,idComuna) values (79,'22390269-3','FERNANDO','SALAZAR','FERNANDO.SALAZAR@gmail.com','916583047','Calle Santo Domingo',93);
insert into clientes (idCliente,rutCliente,nomCliente,apeCliente,emailCliente,telCliente,dirCliente,idComuna) values (80,'22978844-2','ESTER','CORNEJO','ESTER.CORNEJO@gmail.com','916583048','Calle Victoria Subercaseaux',150);
insert into clientes (idCliente,rutCliente,nomCliente,apeCliente,emailCliente,telCliente,dirCliente,idComuna) values (81,'15133464-4','FERNANDO','SANDOVAL','FERNANDO.SANDOVAL@gmail.com','916583049','Calle 21 de Mayo',46);
insert into clientes (idCliente,rutCliente,nomCliente,apeCliente,emailCliente,telCliente,dirCliente,idComuna) values (82,'8510628-7','EMILIO','OLARRA','EMILIO.OLARRA@gmail.com','916583050','Paseo Ahumada',169);
insert into clientes (idCliente,rutCliente,nomCliente,apeCliente,emailCliente,telCliente,dirCliente,idComuna) values (83,'19847839-3','ANTONIO','CONTRERAS','ANTONIO.CONTRERAS@gmail.com','916583051','Paseo Estado',157);
insert into clientes (idCliente,rutCliente,nomCliente,apeCliente,emailCliente,telCliente,dirCliente,idComuna) values (84,'22976314-8','PABLO','GONZALEZ','PABLO.GONZALEZ@gmail.com','916583052','Paseo Huérfanos',231);
insert into clientes (idCliente,rutCliente,nomCliente,apeCliente,emailCliente,telCliente,dirCliente,idComuna) values (85,'7084015-4','VICTOR','CORVALAN','VICTOR.CORVALAN@gmail.com','916583053','Paseo Puente',67);
insert into clientes (idCliente,rutCliente,nomCliente,apeCliente,emailCliente,telCliente,dirCliente,idComuna) values (86,'9008297-3','JASIEL','CORNEJO','JASIEL.CORNEJO@gmail.com','916583054','Avenida Blanco Encalada',297);
insert into clientes (idCliente,rutCliente,nomCliente,apeCliente,emailCliente,telCliente,dirCliente,idComuna) values (87,'23390030-3','PABLO','DIAZ','PABLO.DIAZ@gmail.com','916583055','Avenida Brasil',181);
insert into clientes (idCliente,rutCliente,nomCliente,apeCliente,emailCliente,telCliente,dirCliente,idComuna) values (88,'19985941-2','JUAN','CARRENO','JUAN.CARRENO@gmail.com','916583056','Avenida Ejército Libertador',326);
insert into clientes (idCliente,rutCliente,nomCliente,apeCliente,emailCliente,telCliente,dirCliente,idComuna) values (89,'16366031-8','JOSUE','ARAYA','JOSUE.ARAYA@gmail.com','916583057','Avenida General Rondizzoni',248);
insert into clientes (idCliente,rutCliente,nomCliente,apeCliente,emailCliente,telCliente,dirCliente,idComuna) values (90,'16370649-0','TONY','CARVAJAL','TONY.CARVAJAL@gmail.com','916583058','Avenida Libertador Bernardo O’Higgins',238);
insert into clientes (idCliente,rutCliente,nomCliente,apeCliente,emailCliente,telCliente,dirCliente,idComuna) values (91,'17326731-2','TATIANA','FUENTES','TATIANA.FUENTES@gmail.com','916583059','Avenida Manuel Antonio Matta',112);
insert into clientes (idCliente,rutCliente,nomCliente,apeCliente,emailCliente,telCliente,dirCliente,idComuna) values (92,'18474807-k','IGNACIO','GOMEZ','IGNACIO.GOMEZ@gmail.com','916583060','Avenida Matucana',48);
insert into clientes (idCliente,rutCliente,nomCliente,apeCliente,emailCliente,telCliente,dirCliente,idComuna) values (93,'20887363-6','BELINDA','SALINAS','BELINDA.SALINAS@gmail.com','916583061','Avenida San Diego',244);
insert into clientes (idCliente,rutCliente,nomCliente,apeCliente,emailCliente,telCliente,dirCliente,idComuna) values (94,'14491718-9','MARTA','ALDERETE','MARTA.ALDERETE@gmail.com','916583062','Calle Agustinas',239);
insert into clientes (idCliente,rutCliente,nomCliente,apeCliente,emailCliente,telCliente,dirCliente,idComuna) values (95,'8103870-8','JOSEFA','SANTOS','JOSEFA.SANTOS@gmail.com','916583063','Calle Bandera',282);
insert into clientes (idCliente,rutCliente,nomCliente,apeCliente,emailCliente,telCliente,dirCliente,idComuna) values (96,'19128432-1','ESTER','CONTRERAS','ESTER.CONTRERAS@gmail.com','916583064','Calle Catedral',22);
insert into clientes (idCliente,rutCliente,nomCliente,apeCliente,emailCliente,telCliente,dirCliente,idComuna) values (97,'21469823-4','MARTA','COLIVORO','MARTA.COLIVORO@gmail.com','916583065','Calle Compañía',217);
insert into clientes (idCliente,rutCliente,nomCliente,apeCliente,emailCliente,telCliente,dirCliente,idComuna) values (98,'15176768-0','TATIANA','ARANEDA','TATIANA.ARANEDA@gmail.com','916583066','Calle Esmeralda',316);
insert into clientes (idCliente,rutCliente,nomCliente,apeCliente,emailCliente,telCliente,dirCliente,idComuna) values (99,'5204829-k','SERGIO','CONTRERAS','SERGIO.CONTRERAS@gmail.com','916583067','Calle Franklin',5);
insert into clientes (idCliente,rutCliente,nomCliente,apeCliente,emailCliente,telCliente,dirCliente,idComuna) values (100,'19937380-3','TOMAS','COLIVORO','TOMAS.COLIVORO@gmail.com','916583068','Calle Ismael Valdés Vergara',67);

insert into subcategorias (idsubcategoria,nomsubcategoria,idCategoria) values (1,'Embutidos',1)
insert into subcategorias (idsubcategoria,nomsubcategoria,idCategoria) values (2,'Carnes Frias',1)
insert into subcategorias (idsubcategoria,nomsubcategoria,idCategoria) values (3,'Vegetales Frios',2)
insert into subcategorias (idsubcategoria,nomsubcategoria,idCategoria) values (4,'Fruta Fresca',2)
insert into subcategorias (idsubcategoria,nomsubcategoria,idCategoria) values (5,'Bolleria',3)
insert into subcategorias (idsubcategoria,nomsubcategoria,idCategoria) values (6,'Pasteleria',3)
insert into subcategorias (idsubcategoria,nomsubcategoria,idCategoria) values (7,'Lácteos ',4)
insert into subcategorias (idsubcategoria,nomsubcategoria,idCategoria) values (8,'Quesos',4)
insert into subcategorias (idsubcategoria,nomsubcategoria,idCategoria) values (9,'Pastas',5)
insert into subcategorias (idsubcategoria,nomsubcategoria,idCategoria) values (10,'Legumbres',5)
insert into subcategorias (idsubcategoria,nomsubcategoria,idCategoria) values (11,'Comidas calientes',6)
insert into subcategorias (idsubcategoria,nomsubcategoria,idCategoria) values (12,'Comidas frias',6)
insert into subcategorias (idsubcategoria,nomsubcategoria,idCategoria) values (13,'Bebidas alcholicas',7)
insert into subcategorias (idsubcategoria,nomsubcategoria,idCategoria) values (14,'Bebidas Light',7)
insert into subcategorias (idsubcategoria,nomsubcategoria,idCategoria) values (15,'Licores',8)
insert into subcategorias (idsubcategoria,nomsubcategoria,idCategoria) values (16,'Licores light',8)
insert into subcategorias (idsubcategoria,nomsubcategoria,idCategoria) values (17,'Para llevar',9)
insert into subcategorias (idsubcategoria,nomsubcategoria,idCategoria) values (18,'Para servir',9)
insert into subcategorias (idsubcategoria,nomsubcategoria,idCategoria) values (19,'Juegos de niños',10)
insert into subcategorias (idsubcategoria,nomsubcategoria,idCategoria) values (20,'Juegos de niñas',10)
insert into subcategorias (idsubcategoria,nomsubcategoria,idCategoria) values (21,'Limpieza personal',11)
insert into subcategorias (idsubcategoria,nomsubcategoria,idCategoria) values (22,'Perfumeria',11)
insert into subcategorias (idsubcategoria,nomsubcategoria,idCategoria) values (23,'Liquidos para el piso',12)
insert into subcategorias (idsubcategoria,nomsubcategoria,idCategoria) values (24,'Desengrasantes',12)


insert into productos (idProducto,nomProducto,precioProducto,idsubCategoria,idMarca ) values (1,'azúcar',7645,1,5);
insert into productos (idProducto,nomProducto,precioProducto,idsubCategoria,idMarca ) values (2,'sal',6353,1,7);
insert into productos (idProducto,nomProducto,precioProducto,idsubCategoria,idMarca ) values (3,'arroz',2440,1,10);
insert into productos (idProducto,nomProducto,precioProducto,idsubCategoria,idMarca ) values (4,'harina',348,1,18);
insert into productos (idProducto,nomProducto,precioProducto,idsubCategoria,idMarca ) values (5,'fideos',8139,1,8);
insert into productos (idProducto,nomProducto,precioProducto,idsubCategoria,idMarca ) values (6,'leche',1522,2,16);
insert into productos (idProducto,nomProducto,precioProducto,idsubCategoria,idMarca ) values (7,'aceite',11139,2,2);
insert into productos (idProducto,nomProducto,precioProducto,idsubCategoria,idMarca ) values (8,'condimentos',2640,2,11);
insert into productos (idProducto,nomProducto,precioProducto,idsubCategoria,idMarca ) values (9,'salsa tomate',3150,2,3);
insert into productos (idProducto,nomProducto,precioProducto,idsubCategoria,idMarca ) values (10,'queso rallado',1785,2,4);
insert into productos (idProducto,nomProducto,precioProducto,idsubCategoria,idMarca ) values (11,'huevos',9937,2,11);
insert into productos (idProducto,nomProducto,precioProducto,idsubCategoria,idMarca ) values (12,'levadura',10810,3,17);
insert into productos (idProducto,nomProducto,precioProducto,idsubCategoria,idMarca ) values (13,'pan',2233,3,16);
insert into productos (idProducto,nomProducto,precioProducto,idsubCategoria,idMarca ) values (14,'carne',1994,3,2);
insert into productos (idProducto,nomProducto,precioProducto,idsubCategoria,idMarca ) values (15,'yogur',4352,3,3);
insert into productos (idProducto,nomProducto,precioProducto,idsubCategoria,idMarca ) values (16,'margarina',4464,4,22);
insert into productos (idProducto,nomProducto,precioProducto,idsubCategoria,idMarca ) values (17,'mantequilla',8743,4,20);
insert into productos (idProducto,nomProducto,precioProducto,idsubCategoria,idMarca ) values (18,'galletas',59,4,18);
insert into productos (idProducto,nomProducto,precioProducto,idsubCategoria,idMarca ) values (19,'lechuga',6431,4,17);
insert into productos (idProducto,nomProducto,precioProducto,idsubCategoria,idMarca ) values (20,'tomate',10239,4,4);
insert into productos (idProducto,nomProducto,precioProducto,idsubCategoria,idMarca ) values (21,'cebolla',9896,4,21);
insert into productos (idProducto,nomProducto,precioProducto,idsubCategoria,idMarca ) values (22,'jabón blanco',4686,5,15);
insert into productos (idProducto,nomProducto,precioProducto,idsubCategoria,idMarca ) values (23,'jabón polvo',1599,5,3);
insert into productos (idProducto,nomProducto,precioProducto,idsubCategoria,idMarca ) values (24,'detergente',440,5,6);
insert into productos (idProducto,nomProducto,precioProducto,idsubCategoria,idMarca ) values (25,'desinfectante',3219,5,17);
insert into productos (idProducto,nomProducto,precioProducto,idsubCategoria,idMarca ) values (26,'suavizante',778,5,18);
insert into productos (idProducto,nomProducto,precioProducto,idsubCategoria,idMarca ) values (27,'lustramuebles',10711,6,21);
insert into productos (idProducto,nomProducto,precioProducto,idsubCategoria,idMarca ) values (28,'alcohol gel',7561,6,9);
insert into productos (idProducto,nomProducto,precioProducto,idsubCategoria,idMarca ) values (29,'cloro',10847,6,12);
insert into productos (idProducto,nomProducto,precioProducto,idsubCategoria,idMarca ) values (30,'insecticida',6708,6,20);
insert into productos (idProducto,nomProducto,precioProducto,idsubCategoria,idMarca ) values (31,'esponja',10986,7,5);
insert into productos (idProducto,nomProducto,precioProducto,idsubCategoria,idMarca ) values (32,'esponja acero',9558,7,14);
insert into productos (idProducto,nomProducto,precioProducto,idsubCategoria,idMarca ) values (33,'bolsas basura',1932,7,19);
insert into productos (idProducto,nomProducto,precioProducto,idsubCategoria,idMarca ) values (34,'guantes plástico',5840,7,13);
insert into productos (idProducto,nomProducto,precioProducto,idsubCategoria,idMarca ) values (35,'franelas',330,8,15);
insert into productos (idProducto,nomProducto,precioProducto,idsubCategoria,idMarca ) values (36,'jabón',2551,8,16);
insert into productos (idProducto,nomProducto,precioProducto,idsubCategoria,idMarca ) values (37,'pasta dental',8882,8,13);
insert into productos (idProducto,nomProducto,precioProducto,idsubCategoria,idMarca ) values (38,'cepillo dientes',7372,8,21);
insert into productos (idProducto,nomProducto,precioProducto,idsubCategoria,idMarca ) values (39,'hilo dental',12263,9,17);
insert into productos (idProducto,nomProducto,precioProducto,idsubCategoria,idMarca ) values (40,'toallas higiénicas',1299,9,15);
insert into productos (idProducto,nomProducto,precioProducto,idsubCategoria,idMarca ) values (41,'pañuelos descartables',1149,9,11);
insert into productos (idProducto,nomProducto,precioProducto,idsubCategoria,idMarca ) values (42,'crema afeitar',12763,9,8);
insert into productos (idProducto,nomProducto,precioProducto,idsubCategoria,idMarca ) values (43,'algodón',7899,9,8);
insert into productos (idProducto,nomProducto,precioProducto,idsubCategoria,idMarca ) values (44,'desodorante',437,9,16);
insert into productos (idProducto,nomProducto,precioProducto,idsubCategoria,idMarca ) values (45,'shampoo',2700,9,16);
insert into productos (idProducto,nomProducto,precioProducto,idsubCategoria,idMarca ) values (46,'acondicionador',3131,9,16);
insert into productos (idProducto,nomProducto,precioProducto,idsubCategoria,idMarca ) values (47,'papel higiénico',11857,9,18);
insert into productos (idProducto,nomProducto,precioProducto,idsubCategoria,idMarca ) values (48,'agua oxigenada',11084,9,7);
insert into productos (idProducto,nomProducto,precioProducto,idsubCategoria,idMarca ) values (49,'gases',5957,10,8);
insert into productos (idProducto,nomProducto,precioProducto,idsubCategoria,idMarca ) values (50,'adhesivo tela',12067,10,17);
insert into productos (idProducto,nomProducto,precioProducto,idsubCategoria,idMarca ) values (51,'banditas',7008,10,16);
insert into productos (idProducto,nomProducto,precioProducto,idsubCategoria,idMarca ) values (52,'papel aluminio',8384,10,20);
insert into productos (idProducto,nomProducto,precioProducto,idsubCategoria,idMarca ) values (53,'papel film',5558,10,3);
insert into productos (idProducto,nomProducto,precioProducto,idsubCategoria,idMarca ) values (54,'servilletas papel',11302,10,19);
insert into productos (idProducto,nomProducto,precioProducto,idsubCategoria,idMarca ) values (55,'papel de cocina',6495,10,21);
insert into productos (idProducto,nomProducto,precioProducto,idsubCategoria,idMarca ) values (56,'fósforos',3344,11,17);
insert into productos (idProducto,nomProducto,precioProducto,idsubCategoria,idMarca ) values (57,'velas',8362,11,2);
insert into productos (idProducto,nomProducto,precioProducto,idsubCategoria,idMarca ) values (58,'bombillas',77,11,11);
insert into productos (idProducto,nomProducto,precioProducto,idsubCategoria,idMarca ) values (59,'cinta aislante',7560,12,1);
insert into productos (idProducto,nomProducto,precioProducto,idsubCategoria,idMarca ) values (60,'cinta adhesiva',886,12,4);


insert into origenes (idOrigen,nomOrigen) values (1,'Efectivo');
insert into origenes (idOrigen,nomOrigen) values (2,'Banco Estado');
insert into origenes (idOrigen,nomOrigen) values (3,'Banco Chile');
insert into origenes (idOrigen,nomOrigen) values (4,'Banco Falabella');
insert into origenes (idOrigen,nomOrigen) values (5,'Banco itau');
insert into origenes (idOrigen,nomOrigen) values (6,'Banco Scotiabank');
insert into origenes (idOrigen,nomOrigen) values (7,'Banco Santander');


insert into mediosPago (idMedioPago,nomMedioPago,idOrigen) values (1,'Efectivo',1);
insert into mediosPago (idMedioPago,nomMedioPago,idOrigen) values (2,'Tarjeta Debito',2);
insert into mediosPago (idMedioPago,nomMedioPago,idOrigen) values (3,'Tarjeta Credito',2);
insert into mediosPago (idMedioPago,nomMedioPago,idOrigen) values (4,'Tarjeta Debito',3);
insert into mediosPago (idMedioPago,nomMedioPago,idOrigen) values (5,'Tarjeta Credito',3);
insert into mediosPago (idMedioPago,nomMedioPago,idOrigen) values (6,'Tarjeta Debito',4);
insert into mediosPago (idMedioPago,nomMedioPago,idOrigen) values (7,'Tarjeta Credito',4);
insert into mediosPago (idMedioPago,nomMedioPago,idOrigen) values (8,'Tarjeta Debito',5);
insert into mediosPago (idMedioPago,nomMedioPago,idOrigen) values (9,'Tarjeta Credito',5);
insert into mediosPago (idMedioPago,nomMedioPago,idOrigen) values (10,'Tarjeta Debito',6);
insert into mediosPago (idMedioPago,nomMedioPago,idOrigen) values (11,'Tarjeta Credito',6);
insert into mediosPago (idMedioPago,nomMedioPago,idOrigen) values (12,'Tarjeta Debito',7);
insert into mediosPago (idMedioPago,nomMedioPago,idOrigen) values (13,'Tarjeta Credito',7);


insert into cargos (idCargo,nomCargo) values (1,'Cajera titular');
insert into cargos (idCargo,nomCargo) values (2,'Jefe Cajera');
insert into cargos (idCargo,nomCargo) values (3,'Cajera Reemplazo ');
insert into cargos (idCargo,nomCargo) values (4,'Cajera PartTime');


insert into empleados (idEmpleado,nomEmpleado,apeEmpleado,idCargo,idComuna) values (1,'Nina','Olson',1,279)
insert into empleados (idEmpleado,nomEmpleado,apeEmpleado,idCargo,idComuna) values (2,'Pablo','Zelada',2,272)
insert into empleados (idEmpleado,nomEmpleado,apeEmpleado,idCargo,idComuna) values (3,'Sofia','Carrasco',1,279)
insert into empleados (idEmpleado,nomEmpleado,apeEmpleado,idCargo,idComuna) values (4,'Pamela','Martinez',1,279)
insert into empleados (idEmpleado,nomEmpleado,apeEmpleado,idCargo,idComuna) values (5,'Jhony','Cage',1,286)
insert into empleados (idEmpleado,nomEmpleado,apeEmpleado,idCargo,idComuna) values (6,'Adam','Grey',3,286)
insert into empleados (idEmpleado,nomEmpleado,apeEmpleado,idCargo,idComuna) values (7,'Matias','Cueto',3,291)
insert into empleados (idEmpleado,nomEmpleado,apeEmpleado,idCargo,idComuna) values (8,'Traci','Chapman',4,291)
insert into empleados (idEmpleado,nomEmpleado,apeEmpleado,idCargo,idComuna) values (9,'Jesse','James',4,309)
insert into empleados (idEmpleado,nomEmpleado,apeEmpleado,idCargo,idComuna) values (10,'Nicolas','Morgan',4,309)




insert into proveedores (idProveedor,rutProveedor,nomProveedor,idComuna) values (1,'21308079-2','Acotral',272)
insert into proveedores (idProveedor,rutProveedor,nomProveedor,idComuna) values (2,'13077149-1','AviNatur',272)
insert into proveedores (idProveedor,rutProveedor,nomProveedor,idComuna) values (3,'12650423-3','Caladero',278)
insert into proveedores (idProveedor,rutProveedor,nomProveedor,idComuna) values (4,'21812386-4','Covap',279)
insert into proveedores (idProveedor,rutProveedor,nomProveedor,idComuna) values (5,'8967966-4','Apisol',279)
insert into proveedores (idProveedor,rutProveedor,nomProveedor,idComuna) values (6,'9778094-3','Aragon',282)
insert into proveedores (idProveedor,rutProveedor,nomProveedor,idComuna) values (7,'9605780-6','Interal',283)
insert into proveedores (idProveedor,rutProveedor,nomProveedor,idComuna) values (8,'16802739-7','Its',283)
insert into proveedores (idProveedor,rutProveedor,nomProveedor,idComuna) values (9,'18901387-6','Estiu',193)
insert into proveedores (idProveedor,rutProveedor,nomProveedor,idComuna) values (10,'21424782-8','Snacks',194)
insert into proveedores (idProveedor,rutProveedor,nomProveedor,idComuna) values (11,'16456466-5','Antiuxiona',157)
insert into proveedores (idProveedor,rutProveedor,nomProveedor,idComuna) values (12,'16289680-6','Dafsa',158)
insert into proveedores (idProveedor,rutProveedor,nomProveedor,idComuna) values (13,'10292614-5','AudensFood',132)
insert into proveedores (idProveedor,rutProveedor,nomProveedor,idComuna) values (14,'10136420-8','Iparlat',133)
insert into proveedores (idProveedor,rutProveedor,nomProveedor,idComuna) values (15,'22666847-0','Forvasa',129)


-- Errores
insert into adquisiciones (idAdqui,fecAdqui,cantAdqui,totalAdqui,idProveedor,idProducto ) values (1,'30/12/2019',3,1,10,28);
insert into adquisiciones (idAdqui,fecAdqui,cantAdqui,totalAdqui,idProveedor,idProducto ) values (2,'27/12/2019',2,1,1,9);
insert into adquisiciones (idAdqui,fecAdqui,cantAdqui,totalAdqui,idProveedor,idProducto ) values (3,'05/12/2019',3,1,3,20);
insert into adquisiciones (idAdqui,fecAdqui,cantAdqui,totalAdqui,idProveedor,idProducto ) values (4,'01/12/2019',6,1,7,44);
insert into adquisiciones (idAdqui,fecAdqui,cantAdqui,totalAdqui,idProveedor,idProducto ) values (5,'25/12/2019',2,1,5,31);
insert into adquisiciones (idAdqui,fecAdqui,cantAdqui,totalAdqui,idProveedor,idProducto ) values (6,'04/12/2019',1,1,11,48);
insert into adquisiciones (idAdqui,fecAdqui,cantAdqui,totalAdqui,idProveedor,idProducto ) values (7,'06/12/2019',6,1,12,55);
insert into adquisiciones (idAdqui,fecAdqui,cantAdqui,totalAdqui,idProveedor,idProducto ) values (8,'07/12/2019',5,1,10,5);
insert into adquisiciones (idAdqui,fecAdqui,cantAdqui,totalAdqui,idProveedor,idProducto ) values (9,'27/12/2019',5,1,11,24);
insert into adquisiciones (idAdqui,fecAdqui,cantAdqui,totalAdqui,idProveedor,idProducto ) values (10,'22/12/2019',2,1,14,8);
insert into adquisiciones (idAdqui,fecAdqui,cantAdqui,totalAdqui,idProveedor,idProducto ) values (11,'18/12/2019',1,1,10,50);
insert into adquisiciones (idAdqui,fecAdqui,cantAdqui,totalAdqui,idProveedor,idProducto ) values (12,'07/12/2019',2,1,6,38);
insert into adquisiciones (idAdqui,fecAdqui,cantAdqui,totalAdqui,idProveedor,idProducto ) values (13,'19/12/2019',3,1,5,21);
insert into adquisiciones (idAdqui,fecAdqui,cantAdqui,totalAdqui,idProveedor,idProducto ) values (14,'10/12/2019',6,1,1,26);
insert into adquisiciones (idAdqui,fecAdqui,cantAdqui,totalAdqui,idProveedor,idProducto ) values (15,'28/12/2019',4,1,11,5);
insert into adquisiciones (idAdqui,fecAdqui,cantAdqui,totalAdqui,idProveedor,idProducto ) values (16,'16/12/2019',1,1,9,45);
insert into adquisiciones (idAdqui,fecAdqui,cantAdqui,totalAdqui,idProveedor,idProducto ) values (17,'03/12/2019',1,1,5,36);
insert into adquisiciones (idAdqui,fecAdqui,cantAdqui,totalAdqui,idProveedor,idProducto ) values (18,'22/12/2019',5,1,9,45);
insert into adquisiciones (idAdqui,fecAdqui,cantAdqui,totalAdqui,idProveedor,idProducto ) values (19,'19/12/2019',3,1,15,28);
insert into adquisiciones (idAdqui,fecAdqui,cantAdqui,totalAdqui,idProveedor,idProducto ) values (20,'21/12/2019',4,1,13,31);
insert into adquisiciones (idAdqui,fecAdqui,cantAdqui,totalAdqui,idProveedor,idProducto ) values (21,'16/12/2019',3,1,3,43);
insert into adquisiciones (idAdqui,fecAdqui,cantAdqui,totalAdqui,idProveedor,idProducto ) values (22,'08/12/2019',4,1,8,54);
insert into adquisiciones (idAdqui,fecAdqui,cantAdqui,totalAdqui,idProveedor,idProducto ) values (23,'07/12/2019',4,1,9,52);
insert into adquisiciones (idAdqui,fecAdqui,cantAdqui,totalAdqui,idProveedor,idProducto ) values (24,'20/12/2019',1,1,8,30);
insert into adquisiciones (idAdqui,fecAdqui,cantAdqui,totalAdqui,idProveedor,idProducto ) values (25,'18/12/2019',6,1,12,29);
insert into adquisiciones (idAdqui,fecAdqui,cantAdqui,totalAdqui,idProveedor,idProducto ) values (26,'04/12/2019',2,1,9,59);
insert into adquisiciones (idAdqui,fecAdqui,cantAdqui,totalAdqui,idProveedor,idProducto ) values (27,'28/12/2019',4,1,13,28);
insert into adquisiciones (idAdqui,fecAdqui,cantAdqui,totalAdqui,idProveedor,idProducto ) values (28,'03/12/2019',1,1,6,31);
insert into adquisiciones (idAdqui,fecAdqui,cantAdqui,totalAdqui,idProveedor,idProducto ) values (29,'22/12/2019',3,1,10,44);
insert into adquisiciones (idAdqui,fecAdqui,cantAdqui,totalAdqui,idProveedor,idProducto ) values (30,'07/12/2019',5,1,13,18);
insert into adquisiciones (idAdqui,fecAdqui,cantAdqui,totalAdqui,idProveedor,idProducto ) values (31,'04/12/2019',5,1,6,6);
insert into adquisiciones (idAdqui,fecAdqui,cantAdqui,totalAdqui,idProveedor,idProducto ) values (32,'05/12/2019',5,1,4,30);
insert into adquisiciones (idAdqui,fecAdqui,cantAdqui,totalAdqui,idProveedor,idProducto ) values (33,'10/12/2019',5,1,4,30);
insert into adquisiciones (idAdqui,fecAdqui,cantAdqui,totalAdqui,idProveedor,idProducto ) values (34,'03/12/2019',2,1,12,37);
insert into adquisiciones (idAdqui,fecAdqui,cantAdqui,totalAdqui,idProveedor,idProducto ) values (35,'18/12/2019',3,1,13,23);
insert into adquisiciones (idAdqui,fecAdqui,cantAdqui,totalAdqui,idProveedor,idProducto ) values (36,'09/12/2019',4,1,12,11);
insert into adquisiciones (idAdqui,fecAdqui,cantAdqui,totalAdqui,idProveedor,idProducto ) values (37,'17/12/2019',4,1,13,58);
insert into adquisiciones (idAdqui,fecAdqui,cantAdqui,totalAdqui,idProveedor,idProducto ) values (38,'10/12/2019',4,1,7,37);
insert into adquisiciones (idAdqui,fecAdqui,cantAdqui,totalAdqui,idProveedor,idProducto ) values (39,'03/12/2019',6,1,1,31);
insert into adquisiciones (idAdqui,fecAdqui,cantAdqui,totalAdqui,idProveedor,idProducto ) values (40,'07/12/2019',2,1,2,4);
insert into adquisiciones (idAdqui,fecAdqui,cantAdqui,totalAdqui,idProveedor,idProducto ) values (41,'18/12/2019',5,1,13,28);
insert into adquisiciones (idAdqui,fecAdqui,cantAdqui,totalAdqui,idProveedor,idProducto ) values (42,'05/12/2019',6,1,3,51);
insert into adquisiciones (idAdqui,fecAdqui,cantAdqui,totalAdqui,idProveedor,idProducto ) values (43,'04/12/2019',1,1,14,56);
insert into adquisiciones (idAdqui,fecAdqui,cantAdqui,totalAdqui,idProveedor,idProducto ) values (44,'13/12/2019',4,1,12,39);
insert into adquisiciones (idAdqui,fecAdqui,cantAdqui,totalAdqui,idProveedor,idProducto ) values (45,'03/12/2019',3,1,12,26);
insert into adquisiciones (idAdqui,fecAdqui,cantAdqui,totalAdqui,idProveedor,idProducto ) values (46,'22/12/2019',5,1,5,9);
insert into adquisiciones (idAdqui,fecAdqui,cantAdqui,totalAdqui,idProveedor,idProducto ) values (47,'25/12/2019',3,1,2,35);
insert into adquisiciones (idAdqui,fecAdqui,cantAdqui,totalAdqui,idProveedor,idProducto ) values (48,'08/12/2019',5,1,13,19);
insert into adquisiciones (idAdqui,fecAdqui,cantAdqui,totalAdqui,idProveedor,idProducto ) values (49,'21/12/2019',4,1,11,14);
insert into adquisiciones (idAdqui,fecAdqui,cantAdqui,totalAdqui,idProveedor,idProducto ) values (50,'12/12/2019',3,1,12,8);
insert into adquisiciones (idAdqui,fecAdqui,cantAdqui,totalAdqui,idProveedor,idProducto ) values (51,'01/12/2019',1,1,8,19);
insert into adquisiciones (idAdqui,fecAdqui,cantAdqui,totalAdqui,idProveedor,idProducto ) values (52,'09/12/2019',6,1,14,49);
insert into adquisiciones (idAdqui,fecAdqui,cantAdqui,totalAdqui,idProveedor,idProducto ) values (53,'20/12/2019',1,1,11,47);
insert into adquisiciones (idAdqui,fecAdqui,cantAdqui,totalAdqui,idProveedor,idProducto ) values (54,'16/12/2019',2,1,10,43);
insert into adquisiciones (idAdqui,fecAdqui,cantAdqui,totalAdqui,idProveedor,idProducto ) values (55,'26/12/2019',1,1,5,37);
insert into adquisiciones (idAdqui,fecAdqui,cantAdqui,totalAdqui,idProveedor,idProducto ) values (56,'14/12/2019',6,1,4,55);
insert into adquisiciones (idAdqui,fecAdqui,cantAdqui,totalAdqui,idProveedor,idProducto ) values (57,'07/12/2019',4,1,14,22);
insert into adquisiciones (idAdqui,fecAdqui,cantAdqui,totalAdqui,idProveedor,idProducto ) values (58,'28/12/2019',2,1,13,59);
insert into adquisiciones (idAdqui,fecAdqui,cantAdqui,totalAdqui,idProveedor,idProducto ) values (59,'30/12/2019',6,1,3,21);
insert into adquisiciones (idAdqui,fecAdqui,cantAdqui,totalAdqui,idProveedor,idProducto ) values (60,'13/12/2019',5,1,3,25);
insert into adquisiciones (idAdqui,fecAdqui,cantAdqui,totalAdqui,idProveedor,idProducto ) values (61,'24/12/2019',2,1,10,27);
insert into adquisiciones (idAdqui,fecAdqui,cantAdqui,totalAdqui,idProveedor,idProducto ) values (62,'03/12/2019',6,1,9,44);
insert into adquisiciones (idAdqui,fecAdqui,cantAdqui,totalAdqui,idProveedor,idProducto ) values (63,'08/12/2019',6,1,15,11);
insert into adquisiciones (idAdqui,fecAdqui,cantAdqui,totalAdqui,idProveedor,idProducto ) values (64,'07/12/2019',2,1,1,8);
insert into adquisiciones (idAdqui,fecAdqui,cantAdqui,totalAdqui,idProveedor,idProducto ) values (65,'26/12/2019',3,1,13,48);
insert into adquisiciones (idAdqui,fecAdqui,cantAdqui,totalAdqui,idProveedor,idProducto ) values (66,'03/12/2019',3,1,14,8);
insert into adquisiciones (idAdqui,fecAdqui,cantAdqui,totalAdqui,idProveedor,idProducto ) values (67,'16/12/2019',3,1,15,52);
insert into adquisiciones (idAdqui,fecAdqui,cantAdqui,totalAdqui,idProveedor,idProducto ) values (68,'16/12/2019',6,1,15,44);
insert into adquisiciones (idAdqui,fecAdqui,cantAdqui,totalAdqui,idProveedor,idProducto ) values (69,'30/12/2019',4,1,15,20);
insert into adquisiciones (idAdqui,fecAdqui,cantAdqui,totalAdqui,idProveedor,idProducto ) values (70,'09/12/2019',5,1,5,45);
insert into adquisiciones (idAdqui,fecAdqui,cantAdqui,totalAdqui,idProveedor,idProducto ) values (71,'17/12/2019',3,1,9,39);
insert into adquisiciones (idAdqui,fecAdqui,cantAdqui,totalAdqui,idProveedor,idProducto ) values (72,'01/12/2019',6,1,10,29);
insert into adquisiciones (idAdqui,fecAdqui,cantAdqui,totalAdqui,idProveedor,idProducto ) values (73,'22/12/2019',2,1,15,21);
insert into adquisiciones (idAdqui,fecAdqui,cantAdqui,totalAdqui,idProveedor,idProducto ) values (74,'22/12/2019',5,1,8,26);
insert into adquisiciones (idAdqui,fecAdqui,cantAdqui,totalAdqui,idProveedor,idProducto ) values (75,'12/12/2019',2,1,12,46);
insert into adquisiciones (idAdqui,fecAdqui,cantAdqui,totalAdqui,idProveedor,idProducto ) values (76,'07/12/2019',1,1,5,39);
insert into adquisiciones (idAdqui,fecAdqui,cantAdqui,totalAdqui,idProveedor,idProducto ) values (77,'19/12/2019',5,1,10,40);
insert into adquisiciones (idAdqui,fecAdqui,cantAdqui,totalAdqui,idProveedor,idProducto ) values (78,'05/12/2019',6,1,3,38);
insert into adquisiciones (idAdqui,fecAdqui,cantAdqui,totalAdqui,idProveedor,idProducto ) values (79,'10/12/2019',5,1,6,47);
insert into adquisiciones (idAdqui,fecAdqui,cantAdqui,totalAdqui,idProveedor,idProducto ) values (80,'17/12/2019',4,1,7,1);
insert into adquisiciones (idAdqui,fecAdqui,cantAdqui,totalAdqui,idProveedor,idProducto ) values (81,'23/12/2019',1,1,8,6);
insert into adquisiciones (idAdqui,fecAdqui,cantAdqui,totalAdqui,idProveedor,idProducto ) values (82,'26/12/2019',1,1,8,50);
insert into adquisiciones (idAdqui,fecAdqui,cantAdqui,totalAdqui,idProveedor,idProducto ) values (83,'02/12/2019',4,1,1,10);
insert into adquisiciones (idAdqui,fecAdqui,cantAdqui,totalAdqui,idProveedor,idProducto ) values (84,'12/12/2019',5,1,4,1);
insert into adquisiciones (idAdqui,fecAdqui,cantAdqui,totalAdqui,idProveedor,idProducto ) values (85,'12/12/2019',2,1,9,50);
insert into adquisiciones (idAdqui,fecAdqui,cantAdqui,totalAdqui,idProveedor,idProducto ) values (86,'25/12/2019',4,1,5,27);
insert into adquisiciones (idAdqui,fecAdqui,cantAdqui,totalAdqui,idProveedor,idProducto ) values (87,'24/12/2019',2,1,10,36);
insert into adquisiciones (idAdqui,fecAdqui,cantAdqui,totalAdqui,idProveedor,idProducto ) values (88,'10/12/2019',4,1,6,57);
insert into adquisiciones (idAdqui,fecAdqui,cantAdqui,totalAdqui,idProveedor,idProducto ) values (89,'24/12/2019',5,1,12,57);
insert into adquisiciones (idAdqui,fecAdqui,cantAdqui,totalAdqui,idProveedor,idProducto ) values (90,'29/12/2019',3,1,1,33);
insert into adquisiciones (idAdqui,fecAdqui,cantAdqui,totalAdqui,idProveedor,idProducto ) values (91,'06/12/2019',5,1,1,22);
insert into adquisiciones (idAdqui,fecAdqui,cantAdqui,totalAdqui,idProveedor,idProducto ) values (92,'15/12/2019',6,1,11,56);
insert into adquisiciones (idAdqui,fecAdqui,cantAdqui,totalAdqui,idProveedor,idProducto ) values (93,'21/12/2019',2,1,8,6);
insert into adquisiciones (idAdqui,fecAdqui,cantAdqui,totalAdqui,idProveedor,idProducto ) values (94,'31/12/2019',1,1,10,8);
insert into adquisiciones (idAdqui,fecAdqui,cantAdqui,totalAdqui,idProveedor,idProducto ) values (95,'04/12/2019',6,1,11,60);
insert into adquisiciones (idAdqui,fecAdqui,cantAdqui,totalAdqui,idProveedor,idProducto ) values (96,'12/12/2019',2,1,1,50);
insert into adquisiciones (idAdqui,fecAdqui,cantAdqui,totalAdqui,idProveedor,idProducto ) values (97,'21/12/2019',2,1,11,26);


insert into ventas (idVenta,fecVenta,totVenta,idCliente,idMedioPago,idEmpleado ) values (1,'20/1/2020',0,71,3,1);
insert into ventas (idVenta,fecVenta,totVenta,idCliente,idMedioPago,idEmpleado ) values (2,'21/1/2020',0,32,11,3);
insert into ventas (idVenta,fecVenta,totVenta,idCliente,idMedioPago,idEmpleado ) values (3,'03/1/2020',0,26,11,8);
insert into ventas (idVenta,fecVenta,totVenta,idCliente,idMedioPago,idEmpleado ) values (4,'19/1/2020',0,12,12,2);
insert into ventas (idVenta,fecVenta,totVenta,idCliente,idMedioPago,idEmpleado ) values (5,'16/1/2020',0,84,7,4);
insert into ventas (idVenta,fecVenta,totVenta,idCliente,idMedioPago,idEmpleado ) values (6,'25/3/2020',0,24,10,10);
insert into ventas (idVenta,fecVenta,totVenta,idCliente,idMedioPago,idEmpleado ) values (7,'06/3/2020',0,9,9,8);
insert into ventas (idVenta,fecVenta,totVenta,idCliente,idMedioPago,idEmpleado ) values (8,'08/1/2020',0,55,6,8);
insert into ventas (idVenta,fecVenta,totVenta,idCliente,idMedioPago,idEmpleado ) values (9,'21/2/2020',0,36,11,3);
insert into ventas (idVenta,fecVenta,totVenta,idCliente,idMedioPago,idEmpleado ) values (10,'20/2/2020',0,39,9,3);
insert into ventas (idVenta,fecVenta,totVenta,idCliente,idMedioPago,idEmpleado ) values (11,'26/3/2020',0,92,1,3);
insert into ventas (idVenta,fecVenta,totVenta,idCliente,idMedioPago,idEmpleado ) values (12,'14/3/2020',0,3,12,9);
insert into ventas (idVenta,fecVenta,totVenta,idCliente,idMedioPago,idEmpleado ) values (13,'19/2/2020',0,1,8,2);
insert into ventas (idVenta,fecVenta,totVenta,idCliente,idMedioPago,idEmpleado ) values (14,'20/1/2020',0,97,12,4);
insert into ventas (idVenta,fecVenta,totVenta,idCliente,idMedioPago,idEmpleado ) values (15,'22/4/2020',0,37,7,2);
insert into ventas (idVenta,fecVenta,totVenta,idCliente,idMedioPago,idEmpleado ) values (16,'13/4/2020',0,52,9,4);
insert into ventas (idVenta,fecVenta,totVenta,idCliente,idMedioPago,idEmpleado ) values (17,'13/4/2020',0,75,4,9);
insert into ventas (idVenta,fecVenta,totVenta,idCliente,idMedioPago,idEmpleado ) values (18,'22/4/2020',0,17,2,1);
insert into ventas (idVenta,fecVenta,totVenta,idCliente,idMedioPago,idEmpleado ) values (19,'17/1/2020',0,100,4,5);
insert into ventas (idVenta,fecVenta,totVenta,idCliente,idMedioPago,idEmpleado ) values (20,'29/3/2020',0,81,5,9);
insert into ventas (idVenta,fecVenta,totVenta,idCliente,idMedioPago,idEmpleado ) values (21,'24/3/2020',0,29,7,1);
insert into ventas (idVenta,fecVenta,totVenta,idCliente,idMedioPago,idEmpleado ) values (22,'11/2/2020',0,99,5,9);
insert into ventas (idVenta,fecVenta,totVenta,idCliente,idMedioPago,idEmpleado ) values (23,'20/2/2020',0,20,2,9);
insert into ventas (idVenta,fecVenta,totVenta,idCliente,idMedioPago,idEmpleado ) values (24,'26/3/2020',0,16,2,8);
insert into ventas (idVenta,fecVenta,totVenta,idCliente,idMedioPago,idEmpleado ) values (25,'02/3/2020',0,58,6,7);
insert into ventas (idVenta,fecVenta,totVenta,idCliente,idMedioPago,idEmpleado ) values (26,'10/3/2020',0,70,3,2);
insert into ventas (idVenta,fecVenta,totVenta,idCliente,idMedioPago,idEmpleado ) values (27,'11/1/2020',0,80,4,7);
insert into ventas (idVenta,fecVenta,totVenta,idCliente,idMedioPago,idEmpleado ) values (28,'02/2/2020',0,31,4,7);
insert into ventas (idVenta,fecVenta,totVenta,idCliente,idMedioPago,idEmpleado ) values (29,'10/1/2020',0,38,2,1);
insert into ventas (idVenta,fecVenta,totVenta,idCliente,idMedioPago,idEmpleado ) values (30,'10/2/2020',0,78,1,5);
insert into ventas (idVenta,fecVenta,totVenta,idCliente,idMedioPago,idEmpleado ) values (31,'06/4/2020',0,27,4,7);
insert into ventas (idVenta,fecVenta,totVenta,idCliente,idMedioPago,idEmpleado ) values (32,'29/2/2020',0,67,3,10);
insert into ventas (idVenta,fecVenta,totVenta,idCliente,idMedioPago,idEmpleado ) values (33,'23/1/2020',0,75,3,9);
insert into ventas (idVenta,fecVenta,totVenta,idCliente,idMedioPago,idEmpleado ) values (34,'27/3/2020',0,63,13,9);
insert into ventas (idVenta,fecVenta,totVenta,idCliente,idMedioPago,idEmpleado ) values (35,'17/4/2020',0,74,4,4);
insert into ventas (idVenta,fecVenta,totVenta,idCliente,idMedioPago,idEmpleado ) values (36,'15/4/2020',0,73,13,3);
insert into ventas (idVenta,fecVenta,totVenta,idCliente,idMedioPago,idEmpleado ) values (37,'16/1/2020',0,19,9,7);
insert into ventas (idVenta,fecVenta,totVenta,idCliente,idMedioPago,idEmpleado ) values (38,'30/1/2020',0,30,2,8);
insert into ventas (idVenta,fecVenta,totVenta,idCliente,idMedioPago,idEmpleado ) values (39,'12/4/2020',0,20,6,1);
insert into ventas (idVenta,fecVenta,totVenta,idCliente,idMedioPago,idEmpleado ) values (40,'13/4/2020',0,9,5,7);
insert into ventas (idVenta,fecVenta,totVenta,idCliente,idMedioPago,idEmpleado ) values (41,'02/2/2020',0,27,3,3);
insert into ventas (idVenta,fecVenta,totVenta,idCliente,idMedioPago,idEmpleado ) values (42,'23/1/2020',0,57,10,8);
insert into ventas (idVenta,fecVenta,totVenta,idCliente,idMedioPago,idEmpleado ) values (43,'07/2/2020',0,55,6,7);
insert into ventas (idVenta,fecVenta,totVenta,idCliente,idMedioPago,idEmpleado ) values (44,'02/3/2020',0,6,7,1);
insert into ventas (idVenta,fecVenta,totVenta,idCliente,idMedioPago,idEmpleado ) values (45,'17/4/2020',0,44,10,5);
insert into ventas (idVenta,fecVenta,totVenta,idCliente,idMedioPago,idEmpleado ) values (46,'23/1/2020',0,84,10,2);
insert into ventas (idVenta,fecVenta,totVenta,idCliente,idMedioPago,idEmpleado ) values (47,'29/3/2020',0,42,6,9);
insert into ventas (idVenta,fecVenta,totVenta,idCliente,idMedioPago,idEmpleado ) values (48,'28/2/2020',0,37,6,2);
insert into ventas (idVenta,fecVenta,totVenta,idCliente,idMedioPago,idEmpleado ) values (49,'08/1/2020',0,29,12,5);
insert into ventas (idVenta,fecVenta,totVenta,idCliente,idMedioPago,idEmpleado ) values (50,'27/3/2020',0,7,12,10);
insert into ventas (idVenta,fecVenta,totVenta,idCliente,idMedioPago,idEmpleado ) values (51,'16/2/2020',0,28,6,9);
insert into ventas (idVenta,fecVenta,totVenta,idCliente,idMedioPago,idEmpleado ) values (52,'02/3/2020',0,25,5,6);
insert into ventas (idVenta,fecVenta,totVenta,idCliente,idMedioPago,idEmpleado ) values (53,'10/4/2020',0,85,3,7);
insert into ventas (idVenta,fecVenta,totVenta,idCliente,idMedioPago,idEmpleado ) values (54,'18/3/2020',0,49,8,9);
insert into ventas (idVenta,fecVenta,totVenta,idCliente,idMedioPago,idEmpleado ) values (55,'29/1/2020',0,80,1,5);
insert into ventas (idVenta,fecVenta,totVenta,idCliente,idMedioPago,idEmpleado ) values (56,'28/3/2020',0,80,2,8);
insert into ventas (idVenta,fecVenta,totVenta,idCliente,idMedioPago,idEmpleado ) values (57,'28/3/2020',0,77,3,3);
insert into ventas (idVenta,fecVenta,totVenta,idCliente,idMedioPago,idEmpleado ) values (58,'29/3/2020',0,89,8,8);
insert into ventas (idVenta,fecVenta,totVenta,idCliente,idMedioPago,idEmpleado ) values (59,'04/4/2020',0,19,6,9);
insert into ventas (idVenta,fecVenta,totVenta,idCliente,idMedioPago,idEmpleado ) values (60,'13/4/2020',0,80,8,9);
insert into ventas (idVenta,fecVenta,totVenta,idCliente,idMedioPago,idEmpleado ) values (61,'10/2/2020',0,83,2,5);
insert into ventas (idVenta,fecVenta,totVenta,idCliente,idMedioPago,idEmpleado ) values (62,'07/3/2020',0,64,6,8);
insert into ventas (idVenta,fecVenta,totVenta,idCliente,idMedioPago,idEmpleado ) values (63,'19/4/2020',0,100,4,9);
insert into ventas (idVenta,fecVenta,totVenta,idCliente,idMedioPago,idEmpleado ) values (64,'25/1/2020',0,27,9,8);
insert into ventas (idVenta,fecVenta,totVenta,idCliente,idMedioPago,idEmpleado ) values (65,'24/3/2020',0,20,4,9);
insert into ventas (idVenta,fecVenta,totVenta,idCliente,idMedioPago,idEmpleado ) values (66,'08/4/2020',0,7,2,7);
insert into ventas (idVenta,fecVenta,totVenta,idCliente,idMedioPago,idEmpleado ) values (67,'01/2/2020',0,22,10,6);
insert into ventas (idVenta,fecVenta,totVenta,idCliente,idMedioPago,idEmpleado ) values (68,'15/4/2020',0,44,12,5);
insert into ventas (idVenta,fecVenta,totVenta,idCliente,idMedioPago,idEmpleado ) values (69,'26/3/2020',0,97,4,8);
insert into ventas (idVenta,fecVenta,totVenta,idCliente,idMedioPago,idEmpleado ) values (70,'19/3/2020',0,69,6,8);
insert into ventas (idVenta,fecVenta,totVenta,idCliente,idMedioPago,idEmpleado ) values (71,'07/3/2020',0,84,10,10);
insert into ventas (idVenta,fecVenta,totVenta,idCliente,idMedioPago,idEmpleado ) values (72,'22/1/2020',0,3,10,1);
insert into ventas (idVenta,fecVenta,totVenta,idCliente,idMedioPago,idEmpleado ) values (73,'23/3/2020',0,78,4,2);
insert into ventas (idVenta,fecVenta,totVenta,idCliente,idMedioPago,idEmpleado ) values (74,'13/3/2020',0,95,6,9);
insert into ventas (idVenta,fecVenta,totVenta,idCliente,idMedioPago,idEmpleado ) values (75,'19/1/2020',0,39,12,5);
insert into ventas (idVenta,fecVenta,totVenta,idCliente,idMedioPago,idEmpleado ) values (76,'23/1/2020',0,50,9,3);
insert into ventas (idVenta,fecVenta,totVenta,idCliente,idMedioPago,idEmpleado ) values (77,'07/2/2020',0,14,10,4);
insert into ventas (idVenta,fecVenta,totVenta,idCliente,idMedioPago,idEmpleado ) values (78,'10/1/2020',0,96,2,8);
insert into ventas (idVenta,fecVenta,totVenta,idCliente,idMedioPago,idEmpleado ) values (79,'08/2/2020',0,6,5,9);
insert into ventas (idVenta,fecVenta,totVenta,idCliente,idMedioPago,idEmpleado ) values (80,'07/4/2020',0,8,6,3);
insert into ventas (idVenta,fecVenta,totVenta,idCliente,idMedioPago,idEmpleado ) values (81,'05/3/2020',0,97,13,4);
insert into ventas (idVenta,fecVenta,totVenta,idCliente,idMedioPago,idEmpleado ) values (82,'07/2/2020',0,48,4,1);
insert into ventas (idVenta,fecVenta,totVenta,idCliente,idMedioPago,idEmpleado ) values (83,'17/4/2020',0,77,13,9);
insert into ventas (idVenta,fecVenta,totVenta,idCliente,idMedioPago,idEmpleado ) values (84,'12/2/2020',0,32,8,2);
insert into ventas (idVenta,fecVenta,totVenta,idCliente,idMedioPago,idEmpleado ) values (85,'05/1/2020',0,97,10,7);
insert into ventas (idVenta,fecVenta,totVenta,idCliente,idMedioPago,idEmpleado ) values (86,'23/4/2020',0,20,1,5);
insert into ventas (idVenta,fecVenta,totVenta,idCliente,idMedioPago,idEmpleado ) values (87,'12/3/2020',0,100,6,9);
insert into ventas (idVenta,fecVenta,totVenta,idCliente,idMedioPago,idEmpleado ) values (88,'18/2/2020',0,94,6,7);
insert into ventas (idVenta,fecVenta,totVenta,idCliente,idMedioPago,idEmpleado ) values (89,'16/2/2020',0,32,6,7);
insert into ventas (idVenta,fecVenta,totVenta,idCliente,idMedioPago,idEmpleado ) values (90,'07/2/2020',0,98,2,4);
insert into ventas (idVenta,fecVenta,totVenta,idCliente,idMedioPago,idEmpleado ) values (91,'10/2/2020',0,62,9,4);
insert into ventas (idVenta,fecVenta,totVenta,idCliente,idMedioPago,idEmpleado ) values (92,'24/1/2020',0,56,13,9);
insert into ventas (idVenta,fecVenta,totVenta,idCliente,idMedioPago,idEmpleado ) values (93,'11/4/2020',0,66,4,3);
insert into ventas (idVenta,fecVenta,totVenta,idCliente,idMedioPago,idEmpleado ) values (94,'02/2/2020',0,29,13,4);
insert into ventas (idVenta,fecVenta,totVenta,idCliente,idMedioPago,idEmpleado ) values (95,'01/4/2020',0,55,7,10);
insert into ventas (idVenta,fecVenta,totVenta,idCliente,idMedioPago,idEmpleado ) values (96,'11/1/2020',0,71,4,5);
insert into ventas (idVenta,fecVenta,totVenta,idCliente,idMedioPago,idEmpleado ) values (97,'13/4/2020',0,43,4,9);


insert into detalleVenta (idDetVenta,cantDetVenta,precioDetVenta,totalDetVenta,idVenta,idProducto) values (1001,2,8692,17384,58,10);
insert into detalleVenta (idDetVenta,cantDetVenta,precioDetVenta,totalDetVenta,idVenta,idProducto) values (1002,5,5083,25415,49,25);
insert into detalleVenta (idDetVenta,cantDetVenta,precioDetVenta,totalDetVenta,idVenta,idProducto) values (1003,2,6315,12630,36,27);
insert into detalleVenta (idDetVenta,cantDetVenta,precioDetVenta,totalDetVenta,idVenta,idProducto) values (1004,9,5501,49509,47,4);
insert into detalleVenta (idDetVenta,cantDetVenta,precioDetVenta,totalDetVenta,idVenta,idProducto) values (1005,3,8754,26262,23,30);
insert into detalleVenta (idDetVenta,cantDetVenta,precioDetVenta,totalDetVenta,idVenta,idProducto) values (1006,8,6129,49032,95,12);
insert into detalleVenta (idDetVenta,cantDetVenta,precioDetVenta,totalDetVenta,idVenta,idProducto) values (1007,9,133,1197,11,35);
insert into detalleVenta (idDetVenta,cantDetVenta,precioDetVenta,totalDetVenta,idVenta,idProducto) values (1008,8,8673,69384,86,3);
insert into detalleVenta (idDetVenta,cantDetVenta,precioDetVenta,totalDetVenta,idVenta,idProducto) values (1009,6,6396,38376,56,36);
insert into detalleVenta (idDetVenta,cantDetVenta,precioDetVenta,totalDetVenta,idVenta,idProducto) values (1010,2,4149,8298,57,32);
insert into detalleVenta (idDetVenta,cantDetVenta,precioDetVenta,totalDetVenta,idVenta,idProducto) values (1011,13,8833,114829,73,24);
insert into detalleVenta (idDetVenta,cantDetVenta,precioDetVenta,totalDetVenta,idVenta,idProducto) values (1012,11,7057,77627,42,29);
insert into detalleVenta (idDetVenta,cantDetVenta,precioDetVenta,totalDetVenta,idVenta,idProducto) values (1013,7,2605,18235,83,6);
insert into detalleVenta (idDetVenta,cantDetVenta,precioDetVenta,totalDetVenta,idVenta,idProducto) values (1014,9,9467,85203,50,53);
insert into detalleVenta (idDetVenta,cantDetVenta,precioDetVenta,totalDetVenta,idVenta,idProducto) values (1015,5,5959,29795,16,2);
insert into detalleVenta (idDetVenta,cantDetVenta,precioDetVenta,totalDetVenta,idVenta,idProducto) values (1016,11,6544,71984,20,31);
insert into detalleVenta (idDetVenta,cantDetVenta,precioDetVenta,totalDetVenta,idVenta,idProducto) values (1017,7,8392,58744,68,32);
insert into detalleVenta (idDetVenta,cantDetVenta,precioDetVenta,totalDetVenta,idVenta,idProducto) values (1018,6,7156,42936,96,43);
insert into detalleVenta (idDetVenta,cantDetVenta,precioDetVenta,totalDetVenta,idVenta,idProducto) values (1019,10,2709,27090,36,38);
insert into detalleVenta (idDetVenta,cantDetVenta,precioDetVenta,totalDetVenta,idVenta,idProducto) values (1020,7,1831,12817,76,2);
insert into detalleVenta (idDetVenta,cantDetVenta,precioDetVenta,totalDetVenta,idVenta,idProducto) values (1021,4,2985,11940,35,32);
insert into detalleVenta (idDetVenta,cantDetVenta,precioDetVenta,totalDetVenta,idVenta,idProducto) values (1022,13,2079,27027,57,26);
insert into detalleVenta (idDetVenta,cantDetVenta,precioDetVenta,totalDetVenta,idVenta,idProducto) values (1023,7,8723,61061,24,55);
insert into detalleVenta (idDetVenta,cantDetVenta,precioDetVenta,totalDetVenta,idVenta,idProducto) values (1024,9,9125,82125,73,25);
insert into detalleVenta (idDetVenta,cantDetVenta,precioDetVenta,totalDetVenta,idVenta,idProducto) values (1025,12,2964,35568,74,41);
insert into detalleVenta (idDetVenta,cantDetVenta,precioDetVenta,totalDetVenta,idVenta,idProducto) values (1026,9,2306,20754,84,26);
insert into detalleVenta (idDetVenta,cantDetVenta,precioDetVenta,totalDetVenta,idVenta,idProducto) values (1027,12,4135,49620,97,16);
insert into detalleVenta (idDetVenta,cantDetVenta,precioDetVenta,totalDetVenta,idVenta,idProducto) values (1028,6,9330,55980,8,49);
insert into detalleVenta (idDetVenta,cantDetVenta,precioDetVenta,totalDetVenta,idVenta,idProducto) values (1029,4,5714,22856,77,1);
insert into detalleVenta (idDetVenta,cantDetVenta,precioDetVenta,totalDetVenta,idVenta,idProducto) values (1030,3,3210,9630,4,4);
insert into detalleVenta (idDetVenta,cantDetVenta,precioDetVenta,totalDetVenta,idVenta,idProducto) values (1031,2,3683,7366,73,41);
insert into detalleVenta (idDetVenta,cantDetVenta,precioDetVenta,totalDetVenta,idVenta,idProducto) values (1032,12,3112,37344,9,50);
insert into detalleVenta (idDetVenta,cantDetVenta,precioDetVenta,totalDetVenta,idVenta,idProducto) values (1033,9,941,8469,28,13);
insert into detalleVenta (idDetVenta,cantDetVenta,precioDetVenta,totalDetVenta,idVenta,idProducto) values (1034,10,2769,27690,54,22);
insert into detalleVenta (idDetVenta,cantDetVenta,precioDetVenta,totalDetVenta,idVenta,idProducto) values (1035,13,7344,95472,89,21);
insert into detalleVenta (idDetVenta,cantDetVenta,precioDetVenta,totalDetVenta,idVenta,idProducto) values (1036,11,5605,61655,31,39);
insert into detalleVenta (idDetVenta,cantDetVenta,precioDetVenta,totalDetVenta,idVenta,idProducto) values (1037,1,4057,4057,91,28);
insert into detalleVenta (idDetVenta,cantDetVenta,precioDetVenta,totalDetVenta,idVenta,idProducto) values (1038,1,6464,6464,82,32);
insert into detalleVenta (idDetVenta,cantDetVenta,precioDetVenta,totalDetVenta,idVenta,idProducto) values (1039,12,6538,78456,25,1);
insert into detalleVenta (idDetVenta,cantDetVenta,precioDetVenta,totalDetVenta,idVenta,idProducto) values (1040,12,3013,36156,52,26);
insert into detalleVenta (idDetVenta,cantDetVenta,precioDetVenta,totalDetVenta,idVenta,idProducto) values (1041,4,8368,33472,59,35);
insert into detalleVenta (idDetVenta,cantDetVenta,precioDetVenta,totalDetVenta,idVenta,idProducto) values (1042,12,3758,45096,96,34);
insert into detalleVenta (idDetVenta,cantDetVenta,precioDetVenta,totalDetVenta,idVenta,idProducto) values (1043,6,66,396,81,46);
insert into detalleVenta (idDetVenta,cantDetVenta,precioDetVenta,totalDetVenta,idVenta,idProducto) values (1044,12,9539,114468,59,29);
insert into detalleVenta (idDetVenta,cantDetVenta,precioDetVenta,totalDetVenta,idVenta,idProducto) values (1045,13,3157,41041,16,13);
insert into detalleVenta (idDetVenta,cantDetVenta,precioDetVenta,totalDetVenta,idVenta,idProducto) values (1046,5,2658,13290,13,19);
insert into detalleVenta (idDetVenta,cantDetVenta,precioDetVenta,totalDetVenta,idVenta,idProducto) values (1047,3,7811,23433,41,12);
insert into detalleVenta (idDetVenta,cantDetVenta,precioDetVenta,totalDetVenta,idVenta,idProducto) values (1048,13,4054,52702,80,25);
insert into detalleVenta (idDetVenta,cantDetVenta,precioDetVenta,totalDetVenta,idVenta,idProducto) values (1049,9,1300,11700,41,4);
insert into detalleVenta (idDetVenta,cantDetVenta,precioDetVenta,totalDetVenta,idVenta,idProducto) values (1050,3,8015,24045,92,39);
insert into detalleVenta (idDetVenta,cantDetVenta,precioDetVenta,totalDetVenta,idVenta,idProducto) values (1051,3,5467,16401,33,45);
insert into detalleVenta (idDetVenta,cantDetVenta,precioDetVenta,totalDetVenta,idVenta,idProducto) values (1052,11,1491,16401,50,8);
insert into detalleVenta (idDetVenta,cantDetVenta,precioDetVenta,totalDetVenta,idVenta,idProducto) values (1053,3,2577,7731,67,37);
insert into detalleVenta (idDetVenta,cantDetVenta,precioDetVenta,totalDetVenta,idVenta,idProducto) values (1054,12,6427,77124,57,48);
insert into detalleVenta (idDetVenta,cantDetVenta,precioDetVenta,totalDetVenta,idVenta,idProducto) values (1055,9,521,4689,48,33);
insert into detalleVenta (idDetVenta,cantDetVenta,precioDetVenta,totalDetVenta,idVenta,idProducto) values (1056,2,4096,8192,61,1);
insert into detalleVenta (idDetVenta,cantDetVenta,precioDetVenta,totalDetVenta,idVenta,idProducto) values (1057,9,6684,60156,66,50);
insert into detalleVenta (idDetVenta,cantDetVenta,precioDetVenta,totalDetVenta,idVenta,idProducto) values (1058,5,4062,20310,44,57);
insert into detalleVenta (idDetVenta,cantDetVenta,precioDetVenta,totalDetVenta,idVenta,idProducto) values (1059,9,5033,45297,73,10);
insert into detalleVenta (idDetVenta,cantDetVenta,precioDetVenta,totalDetVenta,idVenta,idProducto) values (1060,13,565,7345,9,35);
insert into detalleVenta (idDetVenta,cantDetVenta,precioDetVenta,totalDetVenta,idVenta,idProducto) values (1061,12,3177,38124,84,26);
insert into detalleVenta (idDetVenta,cantDetVenta,precioDetVenta,totalDetVenta,idVenta,idProducto) values (1062,4,6201,24804,56,8);
insert into detalleVenta (idDetVenta,cantDetVenta,precioDetVenta,totalDetVenta,idVenta,idProducto) values (1063,3,8050,24150,32,2);
insert into detalleVenta (idDetVenta,cantDetVenta,precioDetVenta,totalDetVenta,idVenta,idProducto) values (1064,2,4771,9542,11,40);
insert into detalleVenta (idDetVenta,cantDetVenta,precioDetVenta,totalDetVenta,idVenta,idProducto) values (1065,9,5604,50436,14,33);
insert into detalleVenta (idDetVenta,cantDetVenta,precioDetVenta,totalDetVenta,idVenta,idProducto) values (1066,1,7523,7523,96,30);
insert into detalleVenta (idDetVenta,cantDetVenta,precioDetVenta,totalDetVenta,idVenta,idProducto) values (1067,7,6186,43302,76,45);
insert into detalleVenta (idDetVenta,cantDetVenta,precioDetVenta,totalDetVenta,idVenta,idProducto) values (1068,2,8570,17140,10,2);
insert into detalleVenta (idDetVenta,cantDetVenta,precioDetVenta,totalDetVenta,idVenta,idProducto) values (1069,13,6770,88010,48,24);
insert into detalleVenta (idDetVenta,cantDetVenta,precioDetVenta,totalDetVenta,idVenta,idProducto) values (1070,8,3383,27064,29,36);
insert into detalleVenta (idDetVenta,cantDetVenta,precioDetVenta,totalDetVenta,idVenta,idProducto) values (1071,7,214,1498,29,2);
insert into detalleVenta (idDetVenta,cantDetVenta,precioDetVenta,totalDetVenta,idVenta,idProducto) values (1072,3,2115,6345,22,35);
insert into detalleVenta (idDetVenta,cantDetVenta,precioDetVenta,totalDetVenta,idVenta,idProducto) values (1073,11,8694,95634,4,32);
insert into detalleVenta (idDetVenta,cantDetVenta,precioDetVenta,totalDetVenta,idVenta,idProducto) values (1074,8,6311,50488,30,14);
insert into detalleVenta (idDetVenta,cantDetVenta,precioDetVenta,totalDetVenta,idVenta,idProducto) values (1075,13,344,4472,38,20);
insert into detalleVenta (idDetVenta,cantDetVenta,precioDetVenta,totalDetVenta,idVenta,idProducto) values (1076,5,6025,30125,68,50);
insert into detalleVenta (idDetVenta,cantDetVenta,precioDetVenta,totalDetVenta,idVenta,idProducto) values (1077,1,2035,2035,53,57);
insert into detalleVenta (idDetVenta,cantDetVenta,precioDetVenta,totalDetVenta,idVenta,idProducto) values (1078,13,596,7748,3,50);
insert into detalleVenta (idDetVenta,cantDetVenta,precioDetVenta,totalDetVenta,idVenta,idProducto) values (1079,11,2786,30646,84,25);
insert into detalleVenta (idDetVenta,cantDetVenta,precioDetVenta,totalDetVenta,idVenta,idProducto) values (1080,5,3819,19095,9,49);
insert into detalleVenta (idDetVenta,cantDetVenta,precioDetVenta,totalDetVenta,idVenta,idProducto) values (1081,4,4601,18404,21,29);
insert into detalleVenta (idDetVenta,cantDetVenta,precioDetVenta,totalDetVenta,idVenta,idProducto) values (1082,8,8227,65816,42,10);
insert into detalleVenta (idDetVenta,cantDetVenta,precioDetVenta,totalDetVenta,idVenta,idProducto) values (1083,10,1733,17330,10,8);
insert into detalleVenta (idDetVenta,cantDetVenta,precioDetVenta,totalDetVenta,idVenta,idProducto) values (1084,3,8433,25299,37,58);
insert into detalleVenta (idDetVenta,cantDetVenta,precioDetVenta,totalDetVenta,idVenta,idProducto) values (1085,13,9708,126204,19,10);
insert into detalleVenta (idDetVenta,cantDetVenta,precioDetVenta,totalDetVenta,idVenta,idProducto) values (1086,7,7979,55853,89,31);
insert into detalleVenta (idDetVenta,cantDetVenta,precioDetVenta,totalDetVenta,idVenta,idProducto) values (1087,12,9742,116904,93,19);
insert into detalleVenta (idDetVenta,cantDetVenta,precioDetVenta,totalDetVenta,idVenta,idProducto) values (1088,4,5694,22776,92,47);
insert into detalleVenta (idDetVenta,cantDetVenta,precioDetVenta,totalDetVenta,idVenta,idProducto) values (1089,11,4142,45562,90,17);
insert into detalleVenta (idDetVenta,cantDetVenta,precioDetVenta,totalDetVenta,idVenta,idProducto) values (1090,10,4462,44620,26,8);
insert into detalleVenta (idDetVenta,cantDetVenta,precioDetVenta,totalDetVenta,idVenta,idProducto) values (1091,5,3795,18975,72,12);
insert into detalleVenta (idDetVenta,cantDetVenta,precioDetVenta,totalDetVenta,idVenta,idProducto) values (1092,10,2221,22210,47,38);
insert into detalleVenta (idDetVenta,cantDetVenta,precioDetVenta,totalDetVenta,idVenta,idProducto) values (1093,3,9241,27723,72,38);
insert into detalleVenta (idDetVenta,cantDetVenta,precioDetVenta,totalDetVenta,idVenta,idProducto) values (1094,2,8638,17276,94,31);
insert into detalleVenta (idDetVenta,cantDetVenta,precioDetVenta,totalDetVenta,idVenta,idProducto) values (1095,13,1758,22854,16,30);
insert into detalleVenta (idDetVenta,cantDetVenta,precioDetVenta,totalDetVenta,idVenta,idProducto) values (1096,5,6071,30355,68,31);
insert into detalleVenta (idDetVenta,cantDetVenta,precioDetVenta,totalDetVenta,idVenta,idProducto) values (1097,8,6432,51456,14,31);
insert into detalleVenta (idDetVenta,cantDetVenta,precioDetVenta,totalDetVenta,idVenta,idProducto) values (1098,12,465,5580,34,42);
insert into detalleVenta (idDetVenta,cantDetVenta,precioDetVenta,totalDetVenta,idVenta,idProducto) values (1099,12,1494,17928,86,3);
insert into detalleVenta (idDetVenta,cantDetVenta,precioDetVenta,totalDetVenta,idVenta,idProducto) values (1100,11,6750,74250,81,2);
insert into detalleVenta (idDetVenta,cantDetVenta,precioDetVenta,totalDetVenta,idVenta,idProducto) values (1101,9,7466,67194,71,24);
insert into detalleVenta (idDetVenta,cantDetVenta,precioDetVenta,totalDetVenta,idVenta,idProducto) values (1102,9,2373,21357,15,15);
insert into detalleVenta (idDetVenta,cantDetVenta,precioDetVenta,totalDetVenta,idVenta,idProducto) values (1103,3,3431,10293,76,58);
insert into detalleVenta (idDetVenta,cantDetVenta,precioDetVenta,totalDetVenta,idVenta,idProducto) values (1104,6,8521,51126,45,31);
insert into detalleVenta (idDetVenta,cantDetVenta,precioDetVenta,totalDetVenta,idVenta,idProducto) values (1105,10,427,4270,24,2);
insert into detalleVenta (idDetVenta,cantDetVenta,precioDetVenta,totalDetVenta,idVenta,idProducto) values (1106,7,8795,61565,13,33);
insert into detalleVenta (idDetVenta,cantDetVenta,precioDetVenta,totalDetVenta,idVenta,idProducto) values (1107,10,3772,37720,76,25);
insert into detalleVenta (idDetVenta,cantDetVenta,precioDetVenta,totalDetVenta,idVenta,idProducto) values (1108,12,1766,21192,66,57);
insert into detalleVenta (idDetVenta,cantDetVenta,precioDetVenta,totalDetVenta,idVenta,idProducto) values (1109,3,530,1590,26,52);
insert into detalleVenta (idDetVenta,cantDetVenta,precioDetVenta,totalDetVenta,idVenta,idProducto) values (1110,9,4153,37377,5,16);
insert into detalleVenta (idDetVenta,cantDetVenta,precioDetVenta,totalDetVenta,idVenta,idProducto) values (1111,5,796,3980,87,36);
insert into detalleVenta (idDetVenta,cantDetVenta,precioDetVenta,totalDetVenta,idVenta,idProducto) values (1112,12,3511,42132,29,55);
insert into detalleVenta (idDetVenta,cantDetVenta,precioDetVenta,totalDetVenta,idVenta,idProducto) values (1113,5,8295,41475,14,11);
insert into detalleVenta (idDetVenta,cantDetVenta,precioDetVenta,totalDetVenta,idVenta,idProducto) values (1114,1,5317,5317,96,51);
insert into detalleVenta (idDetVenta,cantDetVenta,precioDetVenta,totalDetVenta,idVenta,idProducto) values (1115,6,7480,44880,88,60);
insert into detalleVenta (idDetVenta,cantDetVenta,precioDetVenta,totalDetVenta,idVenta,idProducto) values (1116,8,5639,45112,18,53);
insert into detalleVenta (idDetVenta,cantDetVenta,precioDetVenta,totalDetVenta,idVenta,idProducto) values (1117,3,1907,5721,42,10);
insert into detalleVenta (idDetVenta,cantDetVenta,precioDetVenta,totalDetVenta,idVenta,idProducto) values (1118,6,9235,55410,1,54);
insert into detalleVenta (idDetVenta,cantDetVenta,precioDetVenta,totalDetVenta,idVenta,idProducto) values (1119,6,7659,45954,36,52);
insert into detalleVenta (idDetVenta,cantDetVenta,precioDetVenta,totalDetVenta,idVenta,idProducto) values (1120,13,8868,115284,86,5);
insert into detalleVenta (idDetVenta,cantDetVenta,precioDetVenta,totalDetVenta,idVenta,idProducto) values (1121,5,5265,26325,84,18);
insert into detalleVenta (idDetVenta,cantDetVenta,precioDetVenta,totalDetVenta,idVenta,idProducto) values (1122,6,9007,54042,38,11);
insert into detalleVenta (idDetVenta,cantDetVenta,precioDetVenta,totalDetVenta,idVenta,idProducto) values (1123,5,6904,34520,80,36);
insert into detalleVenta (idDetVenta,cantDetVenta,precioDetVenta,totalDetVenta,idVenta,idProducto) values (1124,4,8200,32800,45,26);
insert into detalleVenta (idDetVenta,cantDetVenta,precioDetVenta,totalDetVenta,idVenta,idProducto) values (1125,12,6163,73956,53,41);
insert into detalleVenta (idDetVenta,cantDetVenta,precioDetVenta,totalDetVenta,idVenta,idProducto) values (1126,1,5429,5429,93,38);
insert into detalleVenta (idDetVenta,cantDetVenta,precioDetVenta,totalDetVenta,idVenta,idProducto) values (1127,9,5642,50778,88,17);
insert into detalleVenta (idDetVenta,cantDetVenta,precioDetVenta,totalDetVenta,idVenta,idProducto) values (1128,4,2717,10868,45,22);
insert into detalleVenta (idDetVenta,cantDetVenta,precioDetVenta,totalDetVenta,idVenta,idProducto) values (1129,12,9750,117000,37,36);
insert into detalleVenta (idDetVenta,cantDetVenta,precioDetVenta,totalDetVenta,idVenta,idProducto) values (1130,4,7443,29772,6,10);
insert into detalleVenta (idDetVenta,cantDetVenta,precioDetVenta,totalDetVenta,idVenta,idProducto) values (1131,4,2803,11212,46,29);
insert into detalleVenta (idDetVenta,cantDetVenta,precioDetVenta,totalDetVenta,idVenta,idProducto) values (1132,1,7393,7393,71,4);
insert into detalleVenta (idDetVenta,cantDetVenta,precioDetVenta,totalDetVenta,idVenta,idProducto) values (1133,1,5265,5265,25,33);
insert into detalleVenta (idDetVenta,cantDetVenta,precioDetVenta,totalDetVenta,idVenta,idProducto) values (1134,8,7769,62152,53,29);
insert into detalleVenta (idDetVenta,cantDetVenta,precioDetVenta,totalDetVenta,idVenta,idProducto) values (1135,9,7823,70407,39,55);
insert into detalleVenta (idDetVenta,cantDetVenta,precioDetVenta,totalDetVenta,idVenta,idProducto) values (1136,3,6131,18393,50,31);
insert into detalleVenta (idDetVenta,cantDetVenta,precioDetVenta,totalDetVenta,idVenta,idProducto) values (1137,13,5055,65715,79,42);
insert into detalleVenta (idDetVenta,cantDetVenta,precioDetVenta,totalDetVenta,idVenta,idProducto) values (1138,12,5858,70296,5,18);
insert into detalleVenta (idDetVenta,cantDetVenta,precioDetVenta,totalDetVenta,idVenta,idProducto) values (1139,11,3862,42482,26,33);
insert into detalleVenta (idDetVenta,cantDetVenta,precioDetVenta,totalDetVenta,idVenta,idProducto) values (1140,10,1701,17010,83,17);
insert into detalleVenta (idDetVenta,cantDetVenta,precioDetVenta,totalDetVenta,idVenta,idProducto) values (1141,12,2888,34656,30,35);
insert into detalleVenta (idDetVenta,cantDetVenta,precioDetVenta,totalDetVenta,idVenta,idProducto) values (1142,6,1999,11994,85,38);
insert into detalleVenta (idDetVenta,cantDetVenta,precioDetVenta,totalDetVenta,idVenta,idProducto) values (1143,8,3425,27400,9,54);
insert into detalleVenta (idDetVenta,cantDetVenta,precioDetVenta,totalDetVenta,idVenta,idProducto) values (1144,2,7630,15260,49,55);
insert into detalleVenta (idDetVenta,cantDetVenta,precioDetVenta,totalDetVenta,idVenta,idProducto) values (1145,7,3547,24829,84,49);
insert into detalleVenta (idDetVenta,cantDetVenta,precioDetVenta,totalDetVenta,idVenta,idProducto) values (1146,12,6618,79416,50,41);
insert into detalleVenta (idDetVenta,cantDetVenta,precioDetVenta,totalDetVenta,idVenta,idProducto) values (1147,1,4607,4607,7,38);
insert into detalleVenta (idDetVenta,cantDetVenta,precioDetVenta,totalDetVenta,idVenta,idProducto) values (1148,2,6323,12646,74,33);
insert into detalleVenta (idDetVenta,cantDetVenta,precioDetVenta,totalDetVenta,idVenta,idProducto) values (1149,7,3808,26656,95,14);
insert into detalleVenta (idDetVenta,cantDetVenta,precioDetVenta,totalDetVenta,idVenta,idProducto) values (1150,2,7045,14090,2,27);
insert into detalleVenta (idDetVenta,cantDetVenta,precioDetVenta,totalDetVenta,idVenta,idProducto) values (1151,8,4642,37136,17,40);
insert into detalleVenta (idDetVenta,cantDetVenta,precioDetVenta,totalDetVenta,idVenta,idProducto) values (1152,2,3862,7724,80,36);
insert into detalleVenta (idDetVenta,cantDetVenta,precioDetVenta,totalDetVenta,idVenta,idProducto) values (1153,10,1015,10150,53,57);
insert into detalleVenta (idDetVenta,cantDetVenta,precioDetVenta,totalDetVenta,idVenta,idProducto) values (1154,1,684,684,21,52);
insert into detalleVenta (idDetVenta,cantDetVenta,precioDetVenta,totalDetVenta,idVenta,idProducto) values (1155,13,5659,73567,46,54);
insert into detalleVenta (idDetVenta,cantDetVenta,precioDetVenta,totalDetVenta,idVenta,idProducto) values (1156,9,7318,65862,82,15);
insert into detalleVenta (idDetVenta,cantDetVenta,precioDetVenta,totalDetVenta,idVenta,idProducto) values (1157,4,2746,10984,62,4);
insert into detalleVenta (idDetVenta,cantDetVenta,precioDetVenta,totalDetVenta,idVenta,idProducto) values (1158,1,6800,6800,97,1);
insert into detalleVenta (idDetVenta,cantDetVenta,precioDetVenta,totalDetVenta,idVenta,idProducto) values (1159,12,4136,49632,12,52);
insert into detalleVenta (idDetVenta,cantDetVenta,precioDetVenta,totalDetVenta,idVenta,idProducto) values (1160,13,8894,115622,29,30);
insert into detalleVenta (idDetVenta,cantDetVenta,precioDetVenta,totalDetVenta,idVenta,idProducto) values (1161,11,9820,108020,27,50);
insert into detalleVenta (idDetVenta,cantDetVenta,precioDetVenta,totalDetVenta,idVenta,idProducto) values (1162,13,5939,77207,40,20);
insert into detalleVenta (idDetVenta,cantDetVenta,precioDetVenta,totalDetVenta,idVenta,idProducto) values (1163,3,8191,24573,97,26);
insert into detalleVenta (idDetVenta,cantDetVenta,precioDetVenta,totalDetVenta,idVenta,idProducto) values (1164,12,4716,56592,63,1);
insert into detalleVenta (idDetVenta,cantDetVenta,precioDetVenta,totalDetVenta,idVenta,idProducto) values (1165,13,1497,19461,25,43);
insert into detalleVenta (idDetVenta,cantDetVenta,precioDetVenta,totalDetVenta,idVenta,idProducto) values (1166,8,797,6376,51,11);
insert into detalleVenta (idDetVenta,cantDetVenta,precioDetVenta,totalDetVenta,idVenta,idProducto) values (1167,8,553,4424,82,14);
insert into detalleVenta (idDetVenta,cantDetVenta,precioDetVenta,totalDetVenta,idVenta,idProducto) values (1168,5,2331,11655,23,49);
insert into detalleVenta (idDetVenta,cantDetVenta,precioDetVenta,totalDetVenta,idVenta,idProducto) values (1169,2,1699,3398,20,49);
insert into detalleVenta (idDetVenta,cantDetVenta,precioDetVenta,totalDetVenta,idVenta,idProducto) values (1170,10,2036,20360,69,10);
insert into detalleVenta (idDetVenta,cantDetVenta,precioDetVenta,totalDetVenta,idVenta,idProducto) values (1171,8,6708,53664,74,3);
insert into detalleVenta (idDetVenta,cantDetVenta,precioDetVenta,totalDetVenta,idVenta,idProducto) values (1172,1,3871,3871,85,40);
insert into detalleVenta (idDetVenta,cantDetVenta,precioDetVenta,totalDetVenta,idVenta,idProducto) values (1173,3,6737,20211,93,41);
insert into detalleVenta (idDetVenta,cantDetVenta,precioDetVenta,totalDetVenta,idVenta,idProducto) values (1174,12,3327,39924,39,42);
insert into detalleVenta (idDetVenta,cantDetVenta,precioDetVenta,totalDetVenta,idVenta,idProducto) values (1175,8,4317,34536,5,60);
insert into detalleVenta (idDetVenta,cantDetVenta,precioDetVenta,totalDetVenta,idVenta,idProducto) values (1176,2,5628,11256,11,54);
insert into detalleVenta (idDetVenta,cantDetVenta,precioDetVenta,totalDetVenta,idVenta,idProducto) values (1177,2,9448,18896,91,38);
insert into detalleVenta (idDetVenta,cantDetVenta,precioDetVenta,totalDetVenta,idVenta,idProducto) values (1178,4,4321,17284,36,8);
insert into detalleVenta (idDetVenta,cantDetVenta,precioDetVenta,totalDetVenta,idVenta,idProducto) values (1179,3,6223,18669,52,58);
insert into detalleVenta (idDetVenta,cantDetVenta,precioDetVenta,totalDetVenta,idVenta,idProducto) values (1180,11,6414,70554,47,7);
insert into detalleVenta (idDetVenta,cantDetVenta,precioDetVenta,totalDetVenta,idVenta,idProducto) values (1181,1,2062,2062,66,36);
insert into detalleVenta (idDetVenta,cantDetVenta,precioDetVenta,totalDetVenta,idVenta,idProducto) values (1182,7,8121,56847,22,47);
insert into detalleVenta (idDetVenta,cantDetVenta,precioDetVenta,totalDetVenta,idVenta,idProducto) values (1183,2,3671,7342,90,48);
insert into detalleVenta (idDetVenta,cantDetVenta,precioDetVenta,totalDetVenta,idVenta,idProducto) values (1184,8,8795,70360,49,43);
insert into detalleVenta (idDetVenta,cantDetVenta,precioDetVenta,totalDetVenta,idVenta,idProducto) values (1185,12,7088,85056,27,45);
insert into detalleVenta (idDetVenta,cantDetVenta,precioDetVenta,totalDetVenta,idVenta,idProducto) values (1186,8,2683,21464,88,21);
insert into detalleVenta (idDetVenta,cantDetVenta,precioDetVenta,totalDetVenta,idVenta,idProducto) values (1187,9,9595,86355,36,40);
insert into detalleVenta (idDetVenta,cantDetVenta,precioDetVenta,totalDetVenta,idVenta,idProducto) values (1188,9,5681,51129,84,1);
insert into detalleVenta (idDetVenta,cantDetVenta,precioDetVenta,totalDetVenta,idVenta,idProducto) values (1189,13,95,1235,75,12);
insert into detalleVenta (idDetVenta,cantDetVenta,precioDetVenta,totalDetVenta,idVenta,idProducto) values (1190,8,5008,40064,67,33);
insert into detalleVenta (idDetVenta,cantDetVenta,precioDetVenta,totalDetVenta,idVenta,idProducto) values (1191,5,3574,17870,37,11);
insert into detalleVenta (idDetVenta,cantDetVenta,precioDetVenta,totalDetVenta,idVenta,idProducto) values (1192,9,8461,76149,22,5);
insert into detalleVenta (idDetVenta,cantDetVenta,precioDetVenta,totalDetVenta,idVenta,idProducto) values (1193,10,3241,32410,59,18);
insert into detalleVenta (idDetVenta,cantDetVenta,precioDetVenta,totalDetVenta,idVenta,idProducto) values (1194,4,5753,23012,3,36);
insert into detalleVenta (idDetVenta,cantDetVenta,precioDetVenta,totalDetVenta,idVenta,idProducto) values (1195,5,2442,12210,2,60);
insert into detalleVenta (idDetVenta,cantDetVenta,precioDetVenta,totalDetVenta,idVenta,idProducto) values (1196,11,7857,86427,4,8);
insert into detalleVenta (idDetVenta,cantDetVenta,precioDetVenta,totalDetVenta,idVenta,idProducto) values (1197,13,6537,84981,71,50);
